route_distance_km,schedule_overlap_days,capacity_ratio,semantic_similarity,match_berhasil
197.79,1.0,1.5312,1.0,0
465.05,0.0,0.4688,1.0,0
664.48,2.0,0.5156,1.0,0
428.38,3.0,0.125,1.0,0
116.46,0.0,1.125,1.0,0
43.45,1.0,0.8125,1.0,1
0.0,1.0,0.3125,1.0,1
22.3,0.0,0.7031,1.0,0
22.3,0.0,1.0781,1.0,0
664.48,0.0,0.1719,1.0,0
0.0,3.0,0.8281,1.0,1
465.05,0.0,1.125,1.0,0
197.79,0.0,0.4688,1.0,0
428.38,1.0,0.5156,1.0,0
274.95,0.0,1.2812,1.0,0
664.48,2.0,0.1719,1.0,0
0.0,0.0,0.7969,1.0,1
465.05,0.0,0.1562,1.0,0
7.85,0.0,1.1719,1.0,0
43.45,0.0,1.3125,1.0,0
0.0,2.0,0.6406,1.0,1
22.3,0.0,1.4219,1.0,0
197.79,0.0,1.1719,1.0,0
664.48,2.0,1.2656,1.0,0
670.31,0.0,1.8438,1.0,0
428.38,0.0,1.3125,1.0,0
43.45,2.0,0.2969,1.0,1
404.4,1.0,0.9844,1.0,0
781.58,0.0,1.5469,1.0,0
22.3,0.0,0.7187,1.0,0
465.05,2.0,0.7031,1.0,0
1239.14,3.0,0.1719,1.0,0
781.58,2.0,0.125,1.0,0
14.77,2.0,0.8906,1.0,1
22.3,3.0,0.1719,1.0,1
670.31,2.0,0.4219,1.0,0
1399.01,0.0,0.75,1.0,0
781.58,0.0,0.2969,1.0,0
664.48,0.0,0.2656,1.0,0
404.4,0.0,0.5625,1.0,0
670.31,0.0,1.6562,1.0,0
428.38,3.0,0.9531,1.0,0
22.3,3.0,1.3906,1.0,0
7.85,3.0,0.4688,1.0,1
116.46,2.0,0.2969,1.0,1
781.58,1.0,0.5937,1.0,0
14.77,0.0,1.6406,1.0,0
465.05,3.0,0.5312,1.0,0
116.46,0.0,0.625,1.0,0
197.79,0.0,1.625,1.0,0
0.0,0.0,0.5156,1.0,0
22.3,0.0,0.6406,1.0,0
0.0,0.0,0.3438,1.0,0
22.3,3.0,1.375,1.0,0
22.3,3.0,1.6719,1.0,0
116.46,1.0,1.375,1.0,0
670.31,1.0,0.6562,1.0,0
1399.01,3.0,1.625,1.0,0
22.3,1.0,0.2812,1.0,1
1399.01,1.0,1.2031,1.0,0
0.0,0.0,0.2969,1.0,0
465.05,1.0,0.1875,1.0,0
664.48,0.0,1.5781,1.0,0
14.77,0.0,0.8281,1.0,0
197.79,2.0,0.3125,1.0,0
781.58,0.0,0.6562,1.0,0
465.05,0.0,1.4688,1.0,0
1399.01,3.0,1.625,1.0,0
274.95,1.0,0.5937,1.0,0
670.31,0.0,0.1875,1.0,0
197.79,1.0,0.9062,1.0,0
428.38,0.0,0.375,1.0,0
404.4,0.0,0.875,1.0,0
670.31,0.0,0.4844,1.0,0
22.3,1.0,0.0937,1.0,1
404.4,1.0,1.2969,1.0,0
428.38,0.0,1.125,1.0,0
116.46,2.0,1.8281,1.0,0
781.58,0.0,0.8906,1.0,0
664.48,3.0,1.0469,1.0,0
664.48,0.0,0.125,1.0,0
664.48,0.0,0.1562,1.0,0
14.77,0.0,1.4062,1.0,0
14.77,1.0,0.5781,1.0,1
0.0,1.0,0.7187,1.0,1
664.48,1.0,0.375,1.0,0
7.85,0.0,1.125,1.0,0
1239.14,0.0,0.3125,1.0,0
0.0,0.0,1.0312,1.0,0
1239.14,1.0,0.1875,1.0,0
0.0,0.0,1.875,1.0,0
404.4,1.0,0.3125,1.0,0
404.4,4.0,1.25,1.0,0
7.85,3.0,0.8438,1.0,1
664.48,1.0,0.25,1.0,0
465.05,2.0,1.125,1.0,0
0.0,1.0,0.3594,1.0,1
116.46,1.0,1.5312,1.0,0
1239.14,0.0,1.7344,1.0,0
14.77,0.0,0.25,1.0,0
116.46,3.0,0.2344,1.0,1
428.38,0.0,0.3438,1.0,0
116.46,1.0,0.2656,1.0,1
0.0,1.0,1.4531,1.0,0
116.46,1.0,0.1719,1.0,1
664.48,1.0,0.1094,1.0,0
670.31,0.0,0.9062,1.0,0
404.4,1.0,1.1406,1.0,0
670.31,0.0,1.0312,1.0,0
116.46,0.0,0.3906,1.0,0
0.0,0.0,0.8906,1.0,0
22.3,1.0,0.5781,1.0,1
22.3,1.0,1.2344,1.0,0
14.77,1.0,1.625,1.0,0
465.05,3.0,0.3906,1.0,0
116.46,0.0,1.2969,1.0,0
664.48,0.0,1.7188,1.0,0
116.46,0.0,0.6719,1.0,0
0.0,1.0,0.6406,1.0,1
404.4,0.0,0.2656,1.0,0
428.38,0.0,0.1719,1.0,0
197.79,0.0,0.5,1.0,0
1239.14,0.0,0.7656,1.0,0
1239.14,0.0,1.0781,1.0,0
781.58,0.0,0.3438,1.0,0
7.85,3.0,0.75,1.0,1
0.0,0.0,1.5625,1.0,0
404.4,0.0,1.0625,1.0,0
7.85,0.0,0.9062,1.0,0
428.38,0.0,0.7187,1.0,0
0.0,1.0,1.2188,1.0,0
116.46,0.0,1.4688,1.0,0
43.45,0.0,1.0156,1.0,0
781.58,0.0,0.5,1.0,0
43.45,0.0,0.4219,1.0,0
7.85,4.0,0.7656,1.0,1
116.46,2.0,1.1562,1.0,0
670.31,2.0,0.2031,1.0,0
116.46,0.0,1.7812,1.0,0
116.46,0.0,0.8594,1.0,0
197.79,0.0,1.4219,1.0,0
0.0,0.0,1.7969,1.0,0
465.05,2.0,1.2656,1.0,0
14.77,0.0,0.5937,1.0,0
1399.01,2.0,0.6094,1.0,0
664.48,0.0,0.3281,1.0,0
465.05,2.0,1.3594,1.0,0
1239.14,0.0,0.1719,1.0,0
116.46,0.0,0.2187,1.0,1
670.31,0.0,0.9062,1.0,0
428.38,0.0,1.1719,1.0,0
0.0,0.0,1.2188,1.0,0
22.3,2.0,0.6094,1.0,1
404.4,0.0,0.7344,1.0,0
116.46,2.0,0.5156,1.0,1
14.77,0.0,1.8125,1.0,0
7.85,0.0,0.6094,1.0,1
197.79,0.0,1.6406,1.0,0
22.3,1.0,1.0469,1.0,0
116.46,0.0,1.0781,1.0,0
670.31,0.0,0.6719,1.0,0
428.38,1.0,0.625,1.0,0
1239.14,0.0,1.8281,1.0,0
781.58,3.0,0.5,1.0,0
14.77,3.0,0.2969,1.0,1
116.46,3.0,1.0781,1.0,0
664.48,3.0,1.5,1.0,0
197.79,0.0,2.0,1.0,0
7.85,0.0,1.7344,1.0,0
7.85,0.0,0.4844,1.0,0
404.4,0.0,1.6406,1.0,0
274.95,3.0,0.5937,1.0,0
664.48,0.0,1.75,1.0,0
404.4,0.0,1.75,1.0,0
664.48,2.0,0.4219,1.0,0
1239.14,0.0,0.25,1.0,0
664.48,4.0,0.4062,1.0,0
22.3,0.0,0.4219,1.0,0
465.05,0.0,0.625,1.0,0
274.95,0.0,1.7969,1.0,0
1399.01,4.0,1.5625,1.0,0
274.95,0.0,0.1875,1.0,0
14.77,2.0,0.9531,1.0,1
465.05,0.0,1.1719,1.0,0
7.85,1.0,0.125,1.0,1
0.0,0.0,0.3281,1.0,0
116.46,4.0,1.0469,1.0,0
465.05,0.0,2.0625,1.0,0
664.48,4.0,0.5781,1.0,0
197.79,0.0,0.875,1.0,0
24.87,0.0,0.7656,1.0,1
55.59,0.0,0.2344,1.0,1
269.98,0.0,0.2578,1.0,0
0.0,0.0,0.0625,1.0,0
36.54,0.0,0.5625,1.0,0
41.17,0.0,0.4062,1.0,0
0.0,0.0,0.1562,1.0,0
21.98,1.0,0.3516,1.0,1
21.98,2.0,0.5391,1.0,1
269.98,2.0,0.0859,1.0,0
196.45,0.0,0.4141,1.0,0
55.59,1.0,0.5625,1.0,1
24.87,0.0,0.2344,1.0,0
0.0,0.0,0.2578,1.0,0
426.41,1.0,0.6406,1.0,0
269.98,0.0,0.0859,1.0,0
0.0,0.0,0.3984,1.0,0
55.59,0.0,0.0781,1.0,0
23.85,4.0,0.5859,1.0,1
41.17,4.0,0.6562,1.0,1
196.45,0.0,0.3203,1.0,0
21.98,2.0,0.7109,1.0,1
24.87,2.0,0.5859,1.0,1
269.98,0.0,0.6328,1.0,0
250.65,0.0,0.9219,1.0,0
0.0,2.0,0.6562,1.0,1
41.17,0.0,0.1484,1.0,0
86.18,0.0,0.4922,1.0,0
956.36,0.0,0.7734,1.0,0
21.98,0.0,0.3594,1.0,1
55.59,0.0,0.3516,1.0,0
1416.57,0.0,0.0859,1.0,0
956.36,0.0,0.0625,1.0,0
2.94,0.0,0.4453,1.0,0
21.98,0.0,0.0859,1.0,0
250.65,0.0,0.2109,1.0,0
1043.87,1.0,0.375,1.0,0
956.36,1.0,0.1484,1.0,0
269.98,3.0,0.1328,1.0,0
86.18,4.0,0.2812,1.0,1
250.65,0.0,0.8281,1.0,0
0.0,0.0,0.4766,1.0,0
21.98,0.0,0.6953,1.0,0
23.85,0.0,0.2344,1.0,0
36.54,0.0,0.1484,1.0,0
956.36,0.0,0.2969,1.0,0
2.94,1.0,0.8203,1.0,1
55.59,0.0,0.2656,1.0,0
36.54,1.0,0.3125,1.0,1
24.87,0.0,0.8125,1.0,0
0.0,2.0,0.2578,1.0,1
21.98,1.0,0.3203,1.0,1
196.45,0.0,0.1719,1.0,0
21.98,0.0,0.6875,1.0,0
21.98,0.0,0.8359,1.0,0
36.54,0.0,0.6875,1.0,0
250.65,0.0,0.3281,1.0,0
1043.87,0.0,0.8125,1.0,0
21.98,0.0,0.1406,1.0,0
1043.87,0.0,0.6016,1.0,0
0.0,0.0,0.1484,1.0,1
55.59,0.0,0.0937,1.0,0
269.98,4.0,0.7891,1.0,0
2.94,2.0,0.4141,1.0,1
24.87,0.0,0.1562,1.0,0
956.36,1.0,0.3281,1.0,0
55.59,0.0,0.7344,1.0,0
1043.87,0.0,0.8125,1.0,0
426.41,0.0,0.2969,1.0,0
250.65,1.0,0.0937,1.0,0
24.87,0.0,0.4531,1.0,0
0.0,0.0,0.1875,1.0,1
86.18,3.0,0.4375,1.0,1
250.65,0.0,0.2422,1.0,0
21.98,0.0,0.0469,1.0,0
86.18,0.0,0.6484,1.0,0
0.0,1.0,0.5625,1.0,1
36.54,0.0,0.9141,1.0,0
956.36,0.0,0.4453,1.0,0
269.98,0.0,0.5234,1.0,0
269.98,0.0,0.0625,1.0,0
269.98,0.0,0.0781,1.0,0
2.94,1.0,0.7031,1.0,1
2.94,0.0,0.2891,1.0,0
196.45,0.0,0.3594,1.0,0
269.98,0.0,0.1875,1.0,0
23.85,2.0,0.5625,1.0,1
1416.57,0.0,0.1562,1.0,0
0.0,1.0,0.5156,1.0,1
1416.57,0.0,0.0937,1.0,0
196.45,3.0,0.9375,1.0,0
86.18,0.0,0.1562,1.0,0
86.18,0.0,0.625,1.0,0
23.85,0.0,0.4219,1.0,0
269.98,0.0,0.125,1.0,0
55.59,0.0,0.5625,1.0,0
0.0,0.0,0.1797,1.0,0
36.54,0.0,0.7656,1.0,0
1416.57,0.0,0.8672,1.0,0
2.94,3.0,0.125,1.0,1
36.54,0.0,0.1172,1.0,0
0.0,2.0,0.1719,1.0,1
36.54,0.0,0.1328,1.0,0
0.0,0.0,0.7266,1.0,0
36.54,0.0,0.0859,1.0,0
269.98,0.0,0.0547,1.0,0
250.65,1.0,0.4531,1.0,0
86.18,0.0,0.5703,1.0,0
250.65,1.0,0.5156,1.0,0
36.54,0.0,0.1953,1.0,0
0.0,0.0,0.4453,1.0,0
21.98,0.0,0.2891,1.0,0
21.98,0.0,0.6172,1.0,0
2.94,0.0,0.8125,1.0,0
55.59,0.0,0.1953,1.0,0
36.54,0.0,0.6484,1.0,0
269.98,0.0,0.8594,1.0,0
36.54,0.0,0.3359,1.0,0
196.45,0.0,0.3203,1.0,0
86.18,1.0,0.1328,1.0,1
0.0,1.0,0.0859,1.0,1
24.87,1.0,0.25,1.0,1
1416.57,2.0,0.3828,1.0,0
1416.57,3.0,0.5391,1.0,0
956.36,0.0,0.1719,1.0,0
23.85,0.0,0.375,1.0,0
0.0,3.0,0.7812,1.0,1
86.18,0.0,0.5312,1.0,1
23.85,1.0,0.4531,1.0,1
0.0,1.0,0.3594,1.0,1
0.0,0.0,0.6094,1.0,0
36.54,3.0,0.7344,1.0,1
41.17,2.0,0.5078,1.0,1
956.36,0.0,0.25,1.0,0
41.17,3.0,0.2109,1.0,1
23.85,0.0,0.3828,1.0,0
36.54,0.0,0.5781,1.0,0
250.65,0.0,0.1016,1.0,0
36.54,3.0,0.8906,1.0,1
36.54,1.0,0.4297,1.0,1
24.87,1.0,0.7109,1.0,1
0.0,3.0,0.8984,1.0,1
55.59,0.0,0.6328,1.0,0
2.94,0.0,0.2969,1.0,0
1043.87,0.0,0.3047,1.0,0
269.98,3.0,0.1641,1.0,0
55.59,0.0,0.6797,1.0,0
1416.57,0.0,0.0859,1.0,0
36.54,0.0,0.1094,1.0,0
250.65,1.0,0.4531,1.0,0
0.0,0.0,0.5859,1.0,0
0.0,0.0,0.6094,1.0,0
21.98,0.0,0.3047,1.0,0
86.18,0.0,0.3672,1.0,0
36.54,0.0,0.2578,1.0,0
2.94,3.0,0.9062,1.0,1
23.85,0.0,0.3047,1.0,0
24.87,2.0,0.8203,1.0,1
21.98,0.0,0.5234,1.0,0
36.54,4.0,0.5391,1.0,1
250.65,2.0,0.3359,1.0,0
0.0,0.0,0.3125,1.0,0
1416.57,0.0,0.9141,1.0,0
956.36,0.0,0.25,1.0,0
2.94,0.0,0.1484,1.0,0
36.54,0.0,0.5391,1.0,0
269.98,0.0,0.75,1.0,0
24.87,2.0,1.0,1.0,1
23.85,0.0,0.8672,1.0,1
23.85,2.0,0.2422,1.0,1
86.18,0.0,0.8203,1.0,1
426.41,0.0,0.2969,1.0,0
269.98,1.0,0.875,1.0,0
86.18,0.0,0.875,1.0,0
269.98,0.0,0.2109,1.0,0
1416.57,0.0,0.125,1.0,0
269.98,0.0,0.2031,1.0,0
21.98,0.0,0.2109,1.0,0
55.59,0.0,0.3125,1.0,1
426.41,0.0,0.8984,1.0,0
1043.87,0.0,0.7812,1.0,0
426.41,4.0,0.0937,1.0,0
2.94,0.0,0.4766,1.0,0
55.59,0.0,0.5859,1.0,1
23.85,0.0,0.0625,1.0,0
196.45,4.0,0.1641,1.0,0
36.54,0.0,0.5234,1.0,0
55.59,3.0,1.0312,1.0,0
269.98,0.0,0.2891,1.0,0
24.87,1.0,0.4375,1.0,1
1128.75,4.0,3.92,1.0,0
1376.28,0.0,1.2,1.0,0
1525.99,0.0,1.32,1.0,0
1356.23,2.0,0.32,1.0,0
1074.46,0.0,2.88,1.0,0
990.33,0.0,2.08,1.0,0
958.92,0.0,0.8,1.0,0
972.31,2.0,1.8,1.0,0
972.31,0.0,2.76,1.0,0
1525.99,3.0,0.44,1.0,0
782.62,1.0,2.12,1.0,0
1376.28,0.0,2.88,1.0,0
1128.75,0.0,1.2,1.0,0
1356.23,0.0,1.32,1.0,0
536.09,0.0,3.28,1.0,0
1525.99,1.0,0.44,1.0,0
958.92,0.0,2.04,1.0,0
1376.28,1.0,0.4,1.0,0
941.53,1.0,3.0,1.0,0
990.33,0.0,3.36,1.0,0
782.62,3.0,1.64,1.0,0
972.31,0.0,3.64,1.0,0
1128.75,0.0,3.0,1.0,0
1525.99,0.0,3.24,1.0,0
1562.12,2.0,4.72,1.0,0
1356.23,4.0,3.36,1.0,0
990.33,0.0,0.76,1.0,0
1299.14,0.0,2.52,1.0,0
0.0,0.0,3.96,1.0,0
972.31,2.0,1.84,1.0,0
1376.28,0.0,1.8,1.0,0
0.0,0.0,0.44,1.0,1
0.0,0.0,0.32,1.0,1
970.58,0.0,2.28,1.0,0
972.31,0.0,0.44,1.0,0
1562.12,0.0,1.08,1.0,0
2097.49,0.0,1.92,1.0,0
0.0,1.0,0.76,1.0,1
1525.99,0.0,0.68,1.0,0
1299.14,2.0,1.44,1.0,0
1562.12,3.0,4.24,1.0,0
1356.23,1.0,2.44,1.0,0
972.31,2.0,3.56,1.0,0
941.53,0.0,1.2,1.0,0
1074.46,0.0,0.76,1.0,0
0.0,1.0,1.52,1.0,0
970.58,0.0,4.2,1.0,0
1376.28,0.0,1.36,1.0,0
1074.46,0.0,1.6,1.0,0
1128.75,0.0,4.16,1.0,0
958.92,0.0,1.32,1.0,0
972.31,1.0,1.64,1.0,0
782.62,0.0,0.88,1.0,0
972.31,0.0,3.52,1.0,0
972.31,1.0,4.28,1.0,0
1074.46,3.0,3.52,1.0,0
1562.12,2.0,1.68,1.0,0
2097.49,0.0,4.16,1.0,0
972.31,1.0,0.72,1.0,0
2097.49,0.0,3.08,1.0,0
958.92,2.0,0.76,1.0,0
1376.28,1.0,0.48,1.0,0
1525.99,2.0,4.04,1.0,0
970.58,2.0,2.12,1.0,0
1128.75,0.0,0.8,1.0,0
0.0,4.0,1.68,1.0,0
1376.28,1.0,3.76,1.0,0
2097.49,3.0,4.16,1.0,0
536.09,0.0,1.52,1.0,0
1562.12,3.0,0.48,1.0,0
1128.75,0.0,2.32,1.0,0
1356.23,1.0,0.96,1.0,0
1299.14,0.0,2.24,1.0,0
1562.12,2.0,1.24,1.0,0
972.31,0.0,0.24,1.0,0
1299.14,0.0,3.32,1.0,0
1356.23,0.0,2.88,1.0,0
1074.46,0.0,4.68,1.0,0
0.0,0.0,2.28,1.0,0
1525.99,1.0,2.68,1.0,0
1525.99,0.0,0.32,1.0,0
1525.99,0.0,0.4,1.0,0
970.58,2.0,3.6,1.0,0
970.58,0.0,1.48,1.0,0
782.62,1.0,1.84,1.0,0
1525.99,0.0,0.96,1.0,0
941.53,0.0,2.88,1.0,0
0.0,0.0,0.8,1.0,0
958.92,0.0,2.64,1.0,0
0.0,1.0,0.48,1.0,1
782.62,0.0,4.8,1.0,0
1299.14,0.0,0.8,1.0,0
1299.14,0.0,3.2,1.0,0
941.53,3.0,2.16,1.0,0
1525.99,0.0,0.64,1.0,0
1376.28,0.0,2.88,1.0,0
958.92,3.0,0.92,1.0,0
1074.46,0.0,3.92,1.0,0
0.0,1.0,4.44,1.0,0
970.58,0.0,0.64,1.0,0
1074.46,2.0,0.6,1.0,0
1356.23,0.0,0.88,1.0,0
1074.46,1.0,0.68,1.0,0
958.92,1.0,3.72,1.0,0
1074.46,0.0,0.44,1.0,0
1525.99,1.0,0.28,1.0,0
1562.12,0.0,2.32,1.0,0
1299.14,1.0,2.92,1.0,0
1562.12,3.0,2.64,1.0,0
1074.46,0.0,1.0,1.0,0
958.92,0.0,2.28,1.0,0
972.31,0.0,1.48,1.0,0
972.31,0.0,3.16,1.0,0
970.58,0.0,4.16,1.0,0
1376.28,2.0,1.0,1.0,0
1074.46,0.0,3.32,1.0,0
1525.99,0.0,4.4,1.0,0
1074.46,0.0,1.72,1.0,0
782.62,0.0,1.64,1.0,0
1299.14,2.0,0.68,1.0,0
1356.23,1.0,0.44,1.0,0
1128.75,4.0,1.28,1.0,0
0.0,3.0,1.96,1.0,0
0.0,1.0,2.76,1.0,0
0.0,1.0,0.88,1.0,1
941.53,0.0,1.92,1.0,0
958.92,0.0,4.0,1.0,0
1299.14,0.0,2.72,1.0,0
941.53,0.0,2.32,1.0,0
1356.23,0.0,1.84,1.0,0
958.92,1.0,3.12,1.0,0
1074.46,0.0,3.76,1.0,0
990.33,3.0,2.6,1.0,0
0.0,1.0,1.28,1.0,0
990.33,2.0,1.08,1.0,0
941.53,2.0,1.96,1.0,0
1074.46,0.0,2.96,1.0,0
1562.12,2.0,0.52,1.0,0
1074.46,0.0,4.56,1.0,0
1074.46,0.0,2.2,1.0,0
1128.75,0.0,3.64,1.0,0
958.92,1.0,4.6,1.0,0
1376.28,2.0,3.24,1.0,0
970.58,1.0,1.52,1.0,0
2097.49,3.0,1.56,1.0,0
1525.99,2.0,0.84,1.0,0
1376.28,0.0,3.48,1.0,0
0.0,0.0,0.44,1.0,0
1074.46,0.0,0.56,1.0,0
1562.12,0.0,2.32,1.0,0
1356.23,0.0,3.0,1.0,0
958.92,0.0,3.12,1.0,0
972.31,4.0,1.56,1.0,0
1299.14,1.0,1.88,1.0,0
1074.46,1.0,1.32,1.0,0
970.58,0.0,4.64,1.0,0
941.53,0.0,1.56,1.0,0
1128.75,1.0,4.2,1.0,0
972.31,1.0,2.68,1.0,0
1074.46,0.0,2.76,1.0,0
1562.12,4.0,1.72,1.0,0
1356.23,2.0,1.6,1.0,0
0.0,0.0,4.68,1.0,0
0.0,0.0,1.28,1.0,0
970.58,0.0,0.76,1.0,0
1074.46,2.0,2.76,1.0,0
1525.99,0.0,3.84,1.0,0
1128.75,2.0,5.12,1.0,0
941.53,2.0,4.44,1.0,0
941.53,0.0,1.24,1.0,0
1299.14,3.0,4.2,1.0,0
536.09,0.0,1.52,1.0,0
1525.99,1.0,4.48,1.0,0
1299.14,1.0,4.48,1.0,0
1525.99,0.0,1.08,1.0,0
0.0,3.0,0.64,1.0,1
1525.99,1.0,1.04,1.0,0
972.31,1.0,1.08,1.0,0
1376.28,3.0,1.6,1.0,0
536.09,1.0,4.6,1.0,0
2097.49,2.0,4.0,1.0,0
536.09,0.0,0.48,1.0,0
970.58,0.0,2.44,1.0,0
1376.28,1.0,3.0,1.0,0
941.53,1.0,0.32,1.0,0
782.62,0.0,0.84,1.0,0
1074.46,1.0,2.68,1.0,0
1376.28,0.0,5.28,1.0,0
1525.99,0.0,1.48,1.0,0
1128.75,0.0,2.24,1.0,0
17.53,1.0,0.7903,0.0454,0
80.11,0.0,0.2419,0.0203,0
260.28,2.0,0.2661,0.9546,0
92.42,3.0,0.0645,0.966,1
59.28,0.0,0.5806,0.975,1
43.19,1.0,0.4194,-0.0146,0
0.0,1.0,0.1613,0.938,1
22.3,0.0,0.3629,0.0066,0
22.3,0.0,0.5565,0.9638,0
260.28,0.0,0.0887,0.0209,0
196.59,3.0,0.4274,-0.0155,0
80.11,0.0,0.5806,-0.0034,0
17.53,0.0,0.2419,0.9753,0
92.42,1.0,0.2661,0.8938,1
426.51,0.0,0.6613,-0.0158,0
260.28,2.0,0.0887,0.0537,0
0.0,0.0,0.4113,0.0079,0
80.11,0.0,0.0806,0.9688,1
23.87,0.0,0.6048,0.0101,0
43.19,0.0,0.6774,0.9758,0
196.59,2.0,0.3306,0.9551,0
22.3,0.0,0.7339,0.0235,0
17.53,0.0,0.6048,0.9591,0
260.28,2.0,0.6532,0.0541,0
269.53,0.0,0.9516,0.0332,0
92.42,0.0,0.6774,0.0186,0
43.19,2.0,0.1532,0.9766,1
0.0,1.0,0.5081,0.0279,0
956.68,0.0,0.7984,0.9602,0
22.3,0.0,0.371,0.971,0
80.11,2.0,0.3629,0.954,1
1417.06,3.0,0.0887,0.9619,0
956.68,2.0,0.0645,0.0153,0
0.21,2.0,0.4597,0.976,1
22.3,3.0,0.0887,0.9359,1
269.53,2.0,0.2177,0.0186,0
1017.39,0.0,0.3871,0.9687,0
956.68,0.0,0.1532,0.9776,0
260.28,0.0,0.1371,0.9756,0
0.0,0.0,0.2903,0.0021,0
269.53,0.0,0.8548,0.0124,0
92.42,3.0,0.4919,0.9764,1
22.3,3.0,0.7177,0.9526,1
23.87,3.0,0.2419,0.0442,0
59.28,2.0,0.1532,-0.0118,0
956.68,1.0,0.3065,0.9662,0
0.21,0.0,0.8468,0.96,0
80.11,3.0,0.2742,0.0251,0
59.28,0.0,0.3226,0.002,0
17.53,0.0,0.8387,0.0554,0
0.0,0.0,0.2661,0.0468,0
22.3,0.0,0.3306,0.0297,0
196.59,0.0,0.1774,0.0299,0
22.3,3.0,0.7097,0.9589,1
22.3,3.0,0.8629,0.0146,0
59.28,1.0,0.7097,0.9558,1
269.53,1.0,0.3387,0.0212,0
1017.39,3.0,0.8387,0.0304,0
22.3,1.0,0.1452,0.0207,0
1017.39,1.0,0.621,0.0471,0
0.0,0.0,0.1532,0.9691,0
80.11,1.0,0.0968,0.017,0
260.28,0.0,0.8145,0.9576,0
0.21,0.0,0.4274,0.9379,0
17.53,2.0,0.1613,0.9588,1
956.68,0.0,0.3387,0.0128,0
80.11,0.0,0.7581,0.8916,1
1017.39,3.0,0.8387,0.9551,0
426.51,1.0,0.3065,0.8878,0
269.53,0.0,0.0968,0.9361,0
17.53,1.0,0.4677,0.9714,1
92.42,0.0,0.1935,0.0091,0
0.0,0.0,0.4516,0.9544,0
269.53,0.0,0.25,0.958,0
22.3,1.0,0.0484,0.0324,0
0.0,1.0,0.6694,0.9359,1
92.42,0.0,0.5806,0.9765,0
59.28,2.0,0.9435,-0.017,0
956.68,0.0,0.4597,0.968,0
260.28,3.0,0.5403,0.9514,0
260.28,0.0,0.0645,0.0325,0
260.28,0.0,0.0806,0.9766,0
0.21,0.0,0.7258,0.0495,0
0.21,1.0,0.2984,0.0186,0
196.59,1.0,0.371,-0.013,0
260.28,1.0,0.1935,0.0191,0
23.87,0.0,0.5806,0.8946,0
1417.06,0.0,0.1613,0.9621,0
0.0,0.0,0.5323,0.0532,0
1417.06,1.0,0.0968,0.0217,0
196.59,0.0,0.9677,0.0257,0
0.0,1.0,0.1613,0.9391,1
0.0,4.0,0.6452,0.8946,1
23.87,3.0,0.4355,0.0286,0
260.28,1.0,0.129,0.9375,0
80.11,2.0,0.5806,0.9531,1
0.0,1.0,0.1855,-0.0126,0
59.28,1.0,0.7903,0.9711,1
1417.06,0.0,0.8952,0.0263,0
0.21,0.0,0.129,-0.0121,0
59.28,3.0,0.121,0.0149,0
92.42,0.0,0.1774,0.0182,0
59.28,1.0,0.1371,0.959,1
0.0,1.0,0.75,0.9768,1
59.28,1.0,0.0887,0.0273,0
260.28,1.0,0.0565,0.0276,0
269.53,0.0,0.4677,0.9766,0
0.0,1.0,0.5887,0.0329,0
269.53,0.0,0.5323,0.0005,0
59.28,0.0,0.2016,0.0124,0
0.0,0.0,0.4597,0.0167,0
22.3,1.0,0.2984,0.0171,0
22.3,1.0,0.6371,0.9641,1
0.21,1.0,0.8387,0.9647,1
80.11,3.0,0.2016,0.0221,0
59.28,0.0,0.6694,0.0288,0
260.28,0.0,0.8871,0.0339,0
59.28,0.0,0.3468,0.9691,0
196.59,1.0,0.3306,0.0264,0
0.0,0.0,0.1371,0.0178,0
92.42,0.0,0.0887,0.0069,0
17.53,0.0,0.2581,0.9691,1
1417.06,0.0,0.3952,0.0258,0
1417.06,0.0,0.5565,0.9673,0
956.68,0.0,0.1774,0.0049,0
23.87,3.0,0.3871,0.9592,1
0.0,0.0,0.8065,-0.0014,0
0.0,0.0,0.5484,0.9589,0
23.87,0.0,0.4677,0.0308,0
92.42,0.0,0.371,0.0009,0
0.0,1.0,0.629,0.9769,1
59.28,0.0,0.7581,-0.0103,0
43.19,0.0,0.5242,-0.0123,0
956.68,0.0,0.2581,0.0152,0
43.19,0.0,0.2177,0.0152,0
23.87,4.0,0.3952,0.0257,0
59.28,2.0,0.5968,0.8879,1
269.53,2.0,0.1048,0.9548,0
59.28,0.0,0.9194,0.0276,0
59.28,0.0,0.4435,0.0156,0
17.53,0.0,0.7339,0.0208,0
0.0,0.0,0.9274,0.0263,0
80.11,2.0,0.6532,0.0235,0
0.21,0.0,0.3065,-0.0085,0
1017.39,2.0,0.3145,0.8925,0
260.28,0.0,0.1694,0.0123,0
80.11,2.0,0.7016,0.9497,1
1417.06,0.0,0.0887,0.0158,0
59.28,0.0,0.1129,-0.0162,0
269.53,0.0,0.4677,0.0109,0
92.42,0.0,0.6048,0.0139,0
0.0,0.0,0.629,0.0128,0
22.3,2.0,0.3145,0.0282,0
0.0,0.0,0.379,0.0291,0
59.28,2.0,0.2661,0.0123,0
0.21,0.0,0.9355,0.0245,0
23.87,0.0,0.3145,0.0198,0
17.53,0.0,0.8468,0.9358,0
22.3,1.0,0.5403,-0.0196,0
59.28,0.0,0.5565,0.9655,0
269.53,0.0,0.3468,0.959,0
92.42,1.0,0.3226,0.978,1
1417.06,0.0,0.9435,0.0224,0
956.68,3.0,0.2581,0.0419,0
0.21,3.0,0.1532,0.0462,0
59.28,3.0,0.5565,0.0442,0
260.28,3.0,0.7742,0.0218,0
17.53,0.0,1.0323,0.026,0
23.87,0.0,0.8952,0.9395,0
23.87,0.0,0.25,0.0158,0
0.0,0.0,0.8468,-0.0028,0
426.51,3.0,0.3065,0.04,0
260.28,0.0,0.9032,0.0151,0
0.0,0.0,0.9032,0.9768,0
260.28,2.0,0.2177,0.0149,0
1417.06,0.0,0.129,0.037,0
260.28,4.0,0.2097,-0.0146,0
22.3,0.0,0.2177,0.0367,0
80.11,0.0,0.3226,0.0133,0
426.51,0.0,0.9274,0.9549,0
1017.39,4.0,0.8065,0.0246,0
426.51,0.0,0.0968,-0.0159,0
0.21,2.0,0.4919,0.9532,1
80.11,0.0,0.6048,0.0291,0
23.87,1.0,0.0645,0.0033,0
196.59,0.0,0.1694,0.9603,0
59.28,4.0,0.5403,0.9355,1
80.11,0.0,1.0645,0.0281,0
260.28,4.0,0.2984,0.0355,0
17.53,0.0,0.4516,0.0412,0
1128.75,0.0,4.6667,0.0454,0
1376.28,0.0,1.4286,0.0925,0
1525.99,2.0,1.5714,0.007,0
1356.23,1.0,0.381,-0.0082,0
1074.46,2.0,3.4286,0.0169,0
990.33,1.0,2.4762,-0.0195,0
958.92,1.0,0.9524,0.0137,0
972.31,0.0,2.1429,-0.0473,0
972.31,0.0,3.2857,0.9638,0
1525.99,0.0,0.5238,0.0209,0
782.62,2.0,2.5238,-0.0253,0
1376.28,0.0,3.4286,0.002,0
1128.75,1.0,1.4286,0.0014,0
1356.23,1.0,1.5714,0.0835,0
536.09,0.0,3.9048,-0.0435,0
1525.99,1.0,0.5238,0.9432,0
958.92,1.0,2.4286,-0.0443,0
1376.28,0.0,0.4762,0.9688,0
941.53,0.0,3.5714,-0.0416,0
990.33,0.0,4.0,0.0045,0
782.62,0.0,1.9524,0.0041,0
972.31,0.0,4.3333,0.9511,0
1128.75,0.0,3.5714,0.9591,0
1525.99,4.0,3.8571,0.0541,0
1562.12,0.0,5.619,0.0428,0
1356.23,0.0,4.0,0.0186,0
990.33,4.0,0.9048,0.0056,0
1299.14,3.0,3.0,0.0279,0
0.0,1.0,4.7143,0.9602,0
972.31,0.0,2.1905,0.0044,0
1376.28,2.0,2.1429,0.0048,0
0.0,3.0,0.5238,0.9619,1
0.0,2.0,0.381,0.0153,0
970.58,2.0,2.7143,0.0232,0
972.31,3.0,0.5238,0.0087,0
1562.12,2.0,1.2857,0.0186,0
2097.49,0.0,2.2857,0.9687,0
0.0,0.0,0.9048,0.9776,0
1525.99,0.0,0.8095,0.0215,0
1299.14,0.0,1.7143,0.0438,0
1562.12,0.0,5.0476,0.0606,0
1356.23,2.0,2.9048,0.0211,0
972.31,1.0,4.2381,-0.0034,0
941.53,4.0,1.4286,0.0442,0
1074.46,2.0,0.9048,-0.0456,0
0.0,0.0,1.8095,0.9662,0
970.58,0.0,5.0,0.96,0
1376.28,4.0,1.619,0.0251,0
1074.46,0.0,1.9048,0.002,0
1128.75,1.0,4.9524,0.9404,0
958.92,0.0,1.5714,0.0468,0
972.31,0.0,1.9524,0.0297,0
782.62,0.0,1.0476,0.9474,0
972.31,3.0,4.1905,0.0251,0
972.31,2.0,5.0952,0.0146,0
1074.46,0.0,4.1905,0.9558,0
1562.12,0.0,2.0,0.0212,0
2097.49,3.0,4.9524,0.9435,0
972.31,0.0,0.8571,0.0207,0
2097.49,3.0,3.6667,0.947,0
958.92,0.0,0.9048,0.9691,0
1376.28,0.0,0.5714,0.017,0
1525.99,0.0,4.8095,0.9576,0
970.58,0.0,2.5238,0.013,0
1128.75,2.0,0.9524,0.0201,0
0.0,0.0,2.0,0.0961,0
1376.28,0.0,4.4762,0.0809,0
2097.49,1.0,4.9524,0.0041,0
536.09,1.0,1.8095,0.0808,0
1562.12,0.0,0.5714,0.0086,0
1128.75,1.0,2.7619,0.9714,0
1356.23,0.0,1.1429,0.0642,0
1299.14,0.0,2.6667,0.9544,0
1562.12,0.0,1.4762,0.0197,0
972.31,2.0,0.2857,0.0324,0
1299.14,2.0,3.9524,0.0087,0
1356.23,0.0,3.4286,0.01,0
1074.46,2.0,5.5714,-0.0181,0
0.0,1.0,2.7143,0.968,0
1525.99,2.0,3.1905,0.0042,0
1525.99,2.0,0.381,-0.036,0
1525.99,0.0,0.4762,0.9766,0
970.58,0.0,4.2857,0.9451,0
970.58,1.0,1.7619,0.0186,0
782.62,0.0,2.1905,-0.0148,0
1525.99,1.0,1.1429,0.0209,0
941.53,0.0,3.4286,0.08,0
0.0,1.0,0.9524,0.9621,1
958.92,0.0,3.1429,0.0532,0
0.0,0.0,0.5714,0.0418,0
782.62,0.0,5.7143,0.0257,0
1299.14,1.0,0.9524,0.0102,0
1299.14,4.0,3.8095,0.0791,0
941.53,1.0,2.5714,0.9433,0
1525.99,1.0,0.7619,0.0148,0
1376.28,2.0,3.4286,0.0019,0
958.92,0.0,1.0952,-0.0228,0
1074.46,3.0,4.6667,0.0077,0
0.0,0.0,5.2857,0.0263,0
970.58,0.0,0.7619,-0.0439,0
1074.46,1.0,0.7143,-0.0346,0
1356.23,0.0,1.0476,0.0871,0
1074.46,0.0,0.8095,0.022,0
958.92,0.0,4.4286,0.0247,0
1074.46,1.0,0.5238,0.0273,0
1525.99,0.0,0.3333,0.9724,0
1562.12,0.0,2.7619,0.0056,0
1299.14,0.0,3.4762,0.9686,0
1562.12,0.0,3.1429,0.0093,0
1074.46,0.0,1.1905,0.0606,0
958.92,0.0,2.7143,0.0167,0
972.31,1.0,1.7619,0.0171,0
972.31,1.0,3.7619,-0.0049,0
970.58,2.0,4.9524,0.9647,0
1376.28,1.0,1.1905,0.0221,0
1074.46,1.0,3.9524,-0.031,0
1525.99,1.0,5.2381,-0.0399,0
1074.46,1.0,2.0476,0.9691,0
782.62,1.0,1.9524,0.9534,0
1299.14,0.0,0.8095,0.0428,0
1356.23,0.0,0.5238,0.0636,0
1128.75,0.0,1.5238,0.9691,0
0.0,0.0,2.3333,0.0258,0
0.0,0.0,3.2857,-0.0055,0
0.0,0.0,1.0476,0.0334,0
941.53,3.0,2.2857,0.0259,0
958.92,0.0,4.7619,0.0069,0
1299.14,0.0,3.2381,0.0251,0
941.53,0.0,2.7619,0.056,0
1356.23,0.0,2.1905,0.0303,0
958.92,0.0,3.7143,0.0263,0
1074.46,0.0,4.4762,-0.0103,0
990.33,0.0,3.0952,-0.0415,0
0.0,0.0,1.5238,0.0152,0
990.33,0.0,1.2857,0.0435,0
941.53,2.0,2.3333,0.9525,0
1074.46,3.0,3.5238,0.0841,0
1562.12,0.0,0.619,0.0065,0
1074.46,0.0,5.4286,0.9701,0
1074.46,0.0,2.619,0.0156,0
1128.75,0.0,4.3333,0.0208,0
958.92,0.0,5.4762,0.9718,0
1376.28,0.0,3.8571,0.9511,0
970.58,0.0,1.8095,-0.0174,0
2097.49,0.0,1.8571,0.0847,0
1525.99,0.0,1.0,0.0965,0
1376.28,2.0,4.1429,0.0018,0
0.0,0.0,0.5238,0.042,0
1074.46,1.0,0.6667,-0.018,0
1562.12,0.0,2.7619,-0.0439,0
1356.23,2.0,3.5714,0.0412,0
958.92,0.0,3.7143,0.091,0
972.31,0.0,1.8571,0.0484,0
1299.14,0.0,2.2381,0.9469,0
1074.46,1.0,1.5714,-0.0361,0
970.58,0.0,5.5238,0.9545,0
941.53,1.0,1.8571,0.0198,0
1128.75,0.0,5.0,0.0113,0
972.31,0.0,3.1905,-0.0207,0
1074.46,0.0,3.2857,-0.0032,0
1562.12,0.0,2.0476,0.022,0
1356.23,0.0,1.9048,0.978,0
0.0,0.0,5.5714,0.0224,0
0.0,3.0,1.5238,0.0419,0
970.58,3.0,0.9048,0.9481,0
1074.46,1.0,3.2857,0.0442,0
1525.99,3.0,4.5714,0.0218,0
1128.75,0.0,6.0952,0.941,0
941.53,0.0,5.2857,0.014,0
941.53,0.0,1.4762,0.0651,0
1299.14,0.0,5.0,0.0012,0
536.09,4.0,1.8095,0.0555,0
1525.99,0.0,5.3333,0.0426,0
1299.14,0.0,5.3333,0.0247,0
1525.99,4.0,1.2857,0.042,0
0.0,0.0,0.7619,0.037,0
1525.99,3.0,1.2381,-0.0435,0
972.31,0.0,1.2857,-0.0305,0
1376.28,0.0,1.9048,0.0959,0
536.09,0.0,5.4762,0.9549,0
2097.49,2.0,4.7619,0.0246,0
536.09,0.0,0.5714,-0.0433,0
970.58,4.0,2.9048,0.0018,0
1376.28,0.0,3.5714,0.9469,0
941.53,0.0,0.381,-0.0416,0
782.62,0.0,1.0,0.0251,0
1074.46,3.0,3.1905,0.0125,0
1376.28,0.0,6.2857,0.9695,0
1525.99,4.0,1.7619,0.0415,0
1128.75,0.0,2.6667,0.0412,0
105.25,2.0,0.5665,0.0454,0
360.93,0.0,0.1734,0.0203,0
568.92,0.0,0.1908,0.9546,0
319.49,0.0,0.0462,-0.0003,0
0.0,0.0,0.4162,0.0169,0
34.74,0.0,0.3006,-0.0146,0
0.0,0.0,0.1156,0.938,0
19.7,2.0,0.2601,0.0066,0
19.7,2.0,0.3988,0.9638,1
568.92,3.0,0.0636,0.0209,0
196.6,0.0,0.3064,-0.0155,0
360.93,1.0,0.4162,-0.0034,0
105.25,0.0,0.1734,0.0014,0
319.49,0.0,0.1908,0.8938,0
426.52,0.0,0.474,-0.0158,0
568.92,0.0,0.0636,0.0473,0
0.0,0.0,0.2948,0.0079,0
360.93,0.0,0.0578,0.9688,0
23.88,4.0,0.4335,0.0101,0
34.74,2.0,0.4855,0.0045,0
196.6,0.0,0.237,0.9551,0
19.7,2.0,0.526,0.0229,0
105.25,0.0,0.4335,0.9591,1
568.92,0.0,0.4682,0.0541,0
566.68,1.0,0.6821,0.0332,0
319.49,4.0,0.4855,0.0186,0
34.74,0.0,0.1098,0.0056,0
309.44,0.0,0.3642,0.0279,0
956.7,0.0,0.5723,0.9602,0
19.7,2.0,0.2659,0.971,1
360.93,0.0,0.2601,0.954,0
1417.09,0.0,0.0636,0.9619,0
956.7,0.0,0.0462,0.0153,0
7.33,0.0,0.3295,0.0232,0
19.7,0.0,0.0636,0.9359,0
566.68,0.0,0.1561,0.0186,0
1321.24,1.0,0.2775,0.9687,0
956.7,1.0,0.1098,0.9776,0
568.92,2.0,0.0983,0.0215,0
309.44,4.0,0.2081,-0.0175,0
566.68,2.0,0.6127,0.0124,0
319.49,0.0,0.3526,0.0211,0
19.7,0.0,0.5145,0.9526,0
23.88,0.0,0.1734,0.0442,0
0.0,0.0,0.1098,-0.0118,0
956.7,0.0,0.2197,0.9662,0
7.33,0.0,0.6069,0.96,0
360.93,0.0,0.1965,0.0251,0
0.0,0.0,0.2312,0.002,0
105.25,0.0,0.6012,0.0483,0
0.0,2.0,0.1908,0.0468,0
19.7,1.0,0.237,0.0297,0
196.6,0.0,0.1272,0.0299,0
19.7,0.0,0.5087,0.0251,0
19.7,0.0,0.6185,0.0146,0
0.0,1.0,0.5087,0.9558,1
566.68,0.0,0.2428,0.0212,0
1321.24,0.0,0.6012,0.0304,0
19.7,0.0,0.104,0.0207,0
1321.24,0.0,0.4451,0.0455,0
0.0,2.0,0.1098,0.9691,1
360.93,0.0,0.0694,0.017,0
568.92,4.0,0.5838,0.9576,0
7.33,2.0,0.3064,0.9379,1
105.25,0.0,0.1156,0.0201,0
956.7,3.0,0.2428,0.0128,0
360.93,0.0,0.5434,0.8916,0
1321.24,0.0,0.6012,0.9551,0
426.52,0.0,0.2197,0.8878,0
566.68,3.0,0.0694,0.9361,0
105.25,0.0,0.3353,0.9714,0
319.49,1.0,0.1387,0.0091,0
309.44,1.0,0.3237,0.9544,0
566.68,1.0,0.1792,0.0197,0
19.7,0.0,0.0347,0.0324,0
309.44,0.0,0.4798,0.9359,0
319.49,1.0,0.4162,0.01,0
0.0,0.0,0.6763,-0.017,0
956.7,0.0,0.3295,0.968,0
568.92,0.0,0.3873,0.9514,0
568.92,0.0,0.0462,0.0325,0
568.92,0.0,0.0578,0.9766,0
7.33,2.0,0.5202,0.0443,0
7.33,0.0,0.2139,0.0186,0
196.6,0.0,0.2659,-0.013,0
568.92,0.0,0.1387,0.0191,0
23.88,2.0,0.4162,0.8946,1
1417.09,0.0,0.1156,0.9621,0
0.0,1.0,0.3815,0.0532,0
1417.09,0.0,0.0694,0.0217,0
196.6,1.0,0.6936,0.0257,0
309.44,0.0,0.1156,0.9391,0
309.44,0.0,0.4624,0.8946,0
23.88,0.0,0.3121,0.0286,0
568.92,0.0,0.0925,0.9375,0
360.93,0.0,0.4162,0.9531,0
0.0,1.0,0.1329,-0.0126,0
0.0,0.0,0.5665,0.9711,0
1417.09,1.0,0.6416,0.0263,0
7.33,2.0,0.0925,-0.0121,0
0.0,0.0,0.0867,0.0149,0
319.49,2.0,0.1272,0.0182,0
0.0,0.0,0.0983,0.022,0
0.0,0.0,0.5376,0.0247,0
0.0,0.0,0.0636,0.0273,0
568.92,0.0,0.0405,0.0276,0
566.68,1.0,0.3353,0.0056,0
309.44,0.0,0.422,0.0329,0
566.68,3.0,0.3815,0.0005,0
0.0,0.0,0.1445,0.0124,0
0.0,0.0,0.3295,0.0167,0
19.7,0.0,0.2139,0.0171,0
19.7,0.0,0.4566,0.0036,0
7.33,0.0,0.6012,0.9647,0
360.93,0.0,0.1445,0.0221,0
0.0,0.0,0.4798,0.0282,0
568.92,0.0,0.6358,0.0311,0
0.0,0.0,0.2486,0.9691,0
196.6,0.0,0.237,0.0264,0
309.44,2.0,0.0983,0.0178,0
319.49,1.0,0.0636,0.0069,0
105.25,3.0,0.185,0.9691,1
1417.09,3.0,0.2832,0.0258,0
1417.09,3.0,0.3988,0.0016,0
956.7,1.0,0.1272,-0.01,0
23.88,0.0,0.2775,0.0259,0
0.0,3.0,0.578,-0.0014,0
309.44,0.0,0.3931,0.0251,0
23.88,1.0,0.3353,0.0308,0
319.49,0.0,0.2659,-0.0157,0
0.0,0.0,0.4509,0.0263,0
0.0,2.0,0.5434,-0.0103,0
34.74,3.0,0.3757,-0.0123,0
956.7,1.0,0.185,0.0152,0
34.74,3.0,0.1561,0.0152,0
23.88,0.0,0.2832,0.0257,0
0.0,0.0,0.4277,0.8879,0
566.68,0.0,0.0751,0.9548,0
0.0,1.0,0.659,0.0276,0
0.0,1.0,0.3179,0.0156,0
105.25,1.0,0.526,0.0208,0
0.0,3.0,0.6647,0.0263,0
360.93,0.0,0.4682,0.0229,0
7.33,1.0,0.2197,-0.0085,0
1321.24,0.0,0.2254,0.8925,0
568.92,3.0,0.1214,0.0123,0
360.93,0.0,0.5029,0.9497,0
1417.09,0.0,0.0636,0.0158,0
0.0,0.0,0.0809,-0.0162,0
566.68,1.0,0.3353,0.0109,0
319.49,0.0,0.4335,0.0139,0
0.0,0.0,0.4509,0.0128,0
19.7,1.0,0.2254,0.0282,0
309.44,0.0,0.2717,0.0291,0
0.0,0.0,0.1908,0.0123,0
7.33,1.0,0.6705,0.0245,0
23.88,0.0,0.2254,0.0198,0
105.25,2.0,0.6069,0.9358,1
19.7,0.0,0.3873,-0.0196,0
0.0,2.0,0.3988,0.003,0
566.68,4.0,0.2486,0.022,0
319.49,0.0,0.2312,0.978,0
1417.09,0.0,0.6763,0.0224,0
956.7,0.0,0.185,0.0419,0
7.33,0.0,0.1098,0.0462,0
0.0,0.0,0.3988,0.0442,0
568.92,0.0,0.5549,0.0218,0
105.25,2.0,0.7399,0.026,0
23.88,2.0,0.6416,0.9395,1
23.88,2.0,0.1792,0.0158,0
309.44,2.0,0.6069,-0.0028,0
426.52,0.0,0.2197,0.04,0
568.92,1.0,0.6474,0.0151,0
309.44,1.0,0.6474,0.0247,0
568.92,0.0,0.1561,0.0149,0
1417.09,2.0,0.0925,0.037,0
568.92,0.0,0.1503,-0.0146,0
19.7,1.0,0.1561,0.0367,0
360.93,2.0,0.2312,0.0133,0
426.52,1.0,0.6647,0.9549,0
1321.24,0.0,0.578,0.0246,0
426.52,3.0,0.0694,-0.0159,0
7.33,0.0,0.3526,0.9532,0
360.93,1.0,0.4335,0.0291,0
23.88,0.0,0.0462,0.0033,0
196.6,3.0,0.1214,0.0251,0
0.0,0.0,0.3873,0.9355,0
360.93,1.0,0.763,0.0281,0
568.92,0.0,0.2139,0.0355,0
105.25,0.0,0.3237,0.0412,0
466.7,4.0,2.8,1.0,0
204.96,0.0,0.8571,1.0,0
0.0,0.0,0.9429,1.0,0
250.3,2.0,0.2286,1.0,0
564.86,0.0,2.0571,1.0,0
659.22,0.0,1.4857,1.0,0
662.08,0.0,0.5714,1.0,0
664.08,2.0,1.2857,1.0,0
664.08,0.0,1.9714,1.0,0
0.0,3.0,0.3143,1.0,1
851.48,1.0,1.5143,1.0,0
204.96,0.0,2.0571,1.0,0
466.7,0.0,0.8571,1.0,0
250.3,0.0,0.9429,1.0,0
1000.89,0.0,2.3429,1.0,0
0.0,1.0,0.3143,1.0,1
662.08,0.0,1.4571,1.0,0
204.96,1.0,0.2857,1.0,0
685.89,1.0,2.1429,1.0,0
659.22,0.0,2.4,1.0,0
851.48,3.0,1.1714,1.0,0
664.08,0.0,2.6,1.0,0
466.7,0.0,2.1429,1.0,0
0.0,0.0,2.3143,1.0,0
0.0,2.0,3.3714,1.0,0
250.3,4.0,2.4,1.0,0
659.22,0.0,0.5429,1.0,0
259.49,0.0,1.8,1.0,0
1517.51,0.0,2.8286,1.0,0
664.08,2.0,1.3143,1.0,0
204.96,0.0,1.2857,1.0,0
1968.0,0.0,0.3143,1.0,0
1517.51,0.0,0.2286,1.0,0
647.38,0.0,1.6286,1.0,0
664.08,0.0,0.3143,1.0,0
0.0,0.0,0.7714,1.0,1
773.63,0.0,1.3714,1.0,0
1517.51,1.0,0.5429,1.0,0
0.0,0.0,0.4857,1.0,0
259.49,2.0,1.0286,1.0,0
0.0,3.0,3.0286,1.0,0
250.3,1.0,1.7429,1.0,0
664.08,2.0,2.5429,1.0,0
685.89,0.0,0.8571,1.0,0
564.86,0.0,0.5429,1.0,0
1517.51,1.0,1.0857,1.0,0
647.38,0.0,3.0,1.0,0
204.96,0.0,0.9714,1.0,0
564.86,0.0,1.1429,1.0,0
466.7,0.0,2.9714,1.0,0
662.08,0.0,0.9429,1.0,0
664.08,1.0,1.1714,1.0,0
851.48,0.0,0.6286,1.0,0
664.08,0.0,2.5143,1.0,0
664.08,1.0,3.0571,1.0,0
564.86,3.0,2.5143,1.0,0
0.0,2.0,1.2,1.0,0
773.63,0.0,2.9714,1.0,0
664.08,1.0,0.5143,1.0,0
773.63,0.0,2.2,1.0,0
662.08,2.0,0.5429,1.0,0
204.96,1.0,0.3429,1.0,0
0.0,2.0,2.8857,1.0,0
647.38,2.0,1.5143,1.0,0
466.7,0.0,0.5714,1.0,0
1517.51,4.0,1.2,1.0,0
204.96,1.0,2.6857,1.0,0
773.63,3.0,2.9714,1.0,0
1000.89,0.0,1.0857,1.0,0
0.0,3.0,0.3429,1.0,1
466.7,0.0,1.6571,1.0,0
250.3,1.0,0.6857,1.0,0
259.49,0.0,1.6,1.0,0
0.0,2.0,0.8857,1.0,1
664.08,0.0,0.1714,1.0,0
259.49,0.0,2.3714,1.0,0
250.3,0.0,2.0571,1.0,0
564.86,0.0,3.3429,1.0,0
1517.51,0.0,1.6286,1.0,0
0.0,1.0,1.9143,1.0,0
0.0,0.0,0.2286,1.0,0
0.0,0.0,0.2857,1.0,0
647.38,2.0,2.5714,1.0,0
647.38,0.0,1.0571,1.0,0
851.48,1.0,1.3143,1.0,0
0.0,0.0,0.6857,1.0,1
685.89,0.0,2.0571,1.0,0
1968.0,0.0,0.5714,1.0,0
662.08,0.0,1.8857,1.0,0
1968.0,1.0,0.3429,1.0,0
851.48,0.0,3.4286,1.0,0
259.49,0.0,0.5714,1.0,0
259.49,0.0,2.2857,1.0,0
685.89,3.0,1.5429,1.0,0
0.0,0.0,0.4571,1.0,0
204.96,0.0,2.0571,1.0,0
662.08,3.0,0.6571,1.0,0
564.86,0.0,2.8,1.0,0
1968.0,1.0,3.1714,1.0,0
647.38,0.0,0.4571,1.0,0
564.86,2.0,0.4286,1.0,0
250.3,0.0,0.6286,1.0,0
564.86,1.0,0.4857,1.0,0
662.08,1.0,2.6571,1.0,0
564.86,0.0,0.3143,1.0,0
0.0,1.0,0.2,1.0,1
0.0,0.0,1.6571,1.0,0
259.49,1.0,2.0857,1.0,0
0.0,3.0,1.8857,1.0,0
564.86,0.0,0.7143,1.0,0
662.08,0.0,1.6286,1.0,0
664.08,0.0,1.0571,1.0,0
664.08,0.0,2.2571,1.0,0
647.38,0.0,2.9714,1.0,0
204.96,2.0,0.7143,1.0,0
564.86,0.0,2.3714,1.0,0
0.0,0.0,3.1429,1.0,0
564.86,0.0,1.2286,1.0,0
851.48,0.0,1.1714,1.0,0
259.49,2.0,0.4857,1.0,0
250.3,1.0,0.3143,1.0,0
466.7,4.0,0.9143,1.0,0
1968.0,3.0,1.4,1.0,0
1968.0,1.0,1.9714,1.0,0
1517.51,1.0,0.6286,1.0,0
685.89,0.0,1.3714,1.0,0
662.08,0.0,2.8571,1.0,0
259.49,0.0,1.9429,1.0,0
685.89,0.0,1.6571,1.0,0
250.3,0.0,1.3143,1.0,0
662.08,1.0,2.2286,1.0,0
564.86,0.0,2.6857,1.0,0
659.22,3.0,1.8571,1.0,0
1517.51,1.0,0.9143,1.0,0
659.22,2.0,0.7714,1.0,0
685.89,2.0,1.4,1.0,0
564.86,0.0,2.1143,1.0,0
0.0,2.0,0.3714,1.0,1
564.86,0.0,3.2571,1.0,0
564.86,0.0,1.5714,1.0,0
466.7,0.0,2.6,1.0,0
662.08,1.0,3.2857,1.0,0
204.96,2.0,2.3143,1.0,0
647.38,1.0,1.0857,1.0,0
773.63,3.0,1.1143,1.0,0
0.0,2.0,0.6,1.0,1
204.96,0.0,2.4857,1.0,0
1968.0,0.0,0.3143,1.0,0
564.86,0.0,0.4,1.0,0
0.0,0.0,1.6571,1.0,0
250.3,0.0,2.1429,1.0,0
662.08,0.0,2.2286,1.0,0
664.08,4.0,1.1143,1.0,0
259.49,1.0,1.3429,1.0,0
564.86,1.0,0.9429,1.0,0
647.38,0.0,3.3143,1.0,0
685.89,0.0,1.1143,1.0,0
466.7,1.0,3.0,1.0,0
664.08,1.0,1.9143,1.0,0
564.86,0.0,1.9714,1.0,0
0.0,4.0,1.2286,1.0,0
250.3,2.0,1.1429,1.0,0
1968.0,0.0,3.3429,1.0,0
1517.51,0.0,0.9143,1.0,0
647.38,0.0,0.5429,1.0,0
564.86,2.0,1.9714,1.0,0
0.0,0.0,2.7429,1.0,0
466.7,2.0,3.6571,1.0,0
685.89,2.0,3.1714,1.0,0
685.89,0.0,0.8857,1.0,0
259.49,3.0,3.0,1.0,0
1000.89,0.0,1.0857,1.0,0
0.0,1.0,3.2,1.0,0
259.49,1.0,3.2,1.0,0
0.0,0.0,0.7714,1.0,0
1968.0,3.0,0.4571,1.0,0
0.0,1.0,0.7429,1.0,1
664.08,1.0,0.7714,1.0,0
204.96,3.0,1.1429,1.0,0
1000.89,1.0,3.2857,1.0,0
773.63,2.0,2.8571,1.0,0
1000.89,0.0,0.3429,1.0,0
647.38,0.0,1.7429,1.0,0
204.96,1.0,2.1429,1.0,0
685.89,1.0,0.2286,1.0,0
851.48,0.0,0.6,1.0,0
564.86,1.0,1.9143,1.0,0
204.96,0.0,3.7714,1.0,0
0.0,0.0,1.0571,1.0,0
466.7,0.0,1.6,1.0,0
466.7,4.0,2.45,0.0015,0
204.96,0.0,0.75,-0.0556,0
0.0,0.0,0.825,-0.0682,0
250.3,3.0,0.2,-0.0639,0
564.86,0.0,1.8,-0.0298,0
659.22,1.0,1.3,-0.0189,0
662.08,1.0,0.5,-0.0403,0
664.08,1.0,1.125,0.0143,0
664.08,0.0,1.725,-0.0209,0
0.0,1.0,0.275,0.9683,1
851.48,3.0,1.325,0.013,0
204.96,0.0,1.8,-0.0183,0
466.7,0.0,0.75,-0.0164,0
250.3,1.0,0.825,-0.0663,0
1000.89,0.0,2.05,0.0104,0
0.0,2.0,0.275,0.0109,0
662.08,0.0,1.275,0.0162,0
204.96,1.0,0.25,-0.0055,0
685.89,0.0,1.875,0.0132,0
659.22,0.0,2.1,-0.022,0
851.48,3.0,1.025,-0.0658,0
664.08,0.0,2.275,-0.0208,0
466.7,0.0,1.875,-0.0194,0
0.0,0.0,2.025,-0.0332,0
0.0,2.0,2.95,0.0015,0
250.3,2.0,2.1,0.9624,0
659.22,0.0,0.475,-0.0162,0
259.49,0.0,1.575,0.9685,0
1517.51,0.0,2.475,0.0008,0
664.08,2.0,1.15,-0.0864,0
204.96,2.0,1.125,-0.0646,0
1968.0,2.0,0.275,-0.018,0
1517.51,2.0,0.2,0.9673,0
647.38,1.0,1.425,-0.0283,0
664.08,2.0,0.275,-0.0465,0
0.0,2.0,0.675,0.9624,1
773.63,0.0,1.2,-0.0065,0
1517.51,0.0,0.475,-0.001,0
0.0,0.0,0.425,-0.0298,0
259.49,0.0,0.9,-0.0134,0
0.0,3.0,2.65,0.001,0
250.3,3.0,1.525,-0.0278,0
664.08,3.0,2.225,-0.0607,0
685.89,0.0,0.75,0.9506,0
564.86,1.0,0.475,0.0092,0
1517.51,1.0,0.95,-0.0112,0
647.38,0.0,2.625,0.0084,0
204.96,0.0,0.85,0.9631,0
564.86,0.0,1.0,-0.0182,0
466.7,0.0,2.6,0.0068,0
662.08,0.0,0.825,-0.0051,0
664.08,0.0,1.025,0.9607,0
851.48,0.0,0.55,0.0162,0
664.08,0.0,2.2,-0.0176,0
664.08,3.0,2.675,0.9689,0
564.86,3.0,2.2,-0.0246,0
0.0,2.0,1.05,0.9699,0
773.63,0.0,2.6,0.0091,0
664.08,1.0,0.45,0.9712,0
773.63,0.0,1.925,0.013,0
662.08,2.0,0.475,-0.0046,0
204.96,1.0,0.3,0.9618,0
0.0,0.0,2.525,0.0076,0
647.38,0.0,1.325,-0.0398,0
466.7,1.0,0.5,-0.0165,0
1517.51,3.0,1.05,-0.0556,0
204.96,1.0,2.35,-0.0738,0
773.63,4.0,2.6,-0.0658,0
1000.89,0.0,0.95,-0.0661,0
0.0,2.0,0.3,-0.0444,0
466.7,1.0,1.45,-0.0058,0
250.3,1.0,0.6,-0.0004,0
259.49,0.0,1.4,-0.0262,0
0.0,2.0,0.775,-0.0193,0
664.08,0.0,0.15,0.9665,0
259.49,0.0,2.075,-0.0465,0
250.3,0.0,1.8,-0.0232,0
564.86,2.0,2.925,-0.018,0
1517.51,0.0,1.425,-0.0013,0
0.0,3.0,1.675,-0.067,0
0.0,0.0,0.2,0.06,0
0.0,0.0,0.25,-0.0006,0
647.38,1.0,2.25,0.0169,0
647.38,1.0,0.925,0.9666,0
851.48,1.0,1.15,0.0069,0
0.0,1.0,0.6,0.9588,1
685.89,0.0,1.8,-0.0719,0
1968.0,0.0,0.5,-0.0199,0
662.08,0.0,1.65,-0.0307,0
1968.0,1.0,0.3,0.0057,0
851.48,0.0,3.0,0.9677,0
259.49,1.0,0.5,-0.0456,0
259.49,1.0,2.0,-0.0706,0
685.89,4.0,1.35,0.0056,0
0.0,0.0,0.4,-0.0399,0
204.96,0.0,1.8,-0.0611,0
662.08,3.0,0.575,0.0093,0
564.86,0.0,2.45,-0.0783,0
1968.0,1.0,2.775,-0.0174,0
647.38,0.0,0.4,0.0136,0
564.86,3.0,0.375,0.0097,0
250.3,0.0,0.55,-0.056,0
564.86,1.0,0.425,-0.0144,0
662.08,1.0,2.325,-0.0327,0
564.86,1.0,0.275,0.9554,0
0.0,1.0,0.175,0.0145,0
0.0,0.0,1.45,-0.0162,0
259.49,1.0,1.825,0.0101,0
0.0,2.0,1.65,-0.0159,0
564.86,0.0,0.625,0.001,0
662.08,0.0,1.425,0.9704,0
664.08,1.0,0.925,0.9614,0
664.08,1.0,1.975,-0.0652,0
647.38,0.0,2.6,-0.0046,0
204.96,3.0,0.625,0.9689,0
564.86,0.0,2.075,0.0586,0
0.0,0.0,2.75,0.0614,0
564.86,0.0,1.075,-0.0055,0
851.48,0.0,1.025,-0.0257,0
259.49,1.0,0.425,0.0059,0
250.3,0.0,0.275,0.0024,0
466.7,3.0,0.8,-0.0064,0
1968.0,1.0,1.225,0.9655,0
1968.0,0.0,1.725,-0.0632,0
1517.51,1.0,0.55,-0.0229,0
685.89,1.0,1.2,-0.021,0
662.08,0.0,2.5,-0.0163,0
259.49,0.0,1.7,-0.0176,0
685.89,0.0,1.45,0.0006,0
250.3,0.0,1.15,-0.0256,0
662.08,1.0,1.95,-0.0341,0
564.86,0.0,2.35,-0.0152,0
659.22,1.0,1.625,0.0173,0
1517.51,1.0,0.8,0.9673,0
659.22,0.0,0.675,0.0079,0
685.89,4.0,1.225,-0.0241,0
564.86,0.0,1.85,-0.0697,0
0.0,2.0,0.325,-0.0681,0
564.86,0.0,2.85,0.0094,0
564.86,0.0,1.375,-0.0226,0
466.7,0.0,2.275,0.9685,0
662.08,0.0,2.875,0.0107,0
204.96,2.0,2.025,-0.0208,0
647.38,1.0,0.95,0.0052,0
773.63,3.0,0.975,-0.0655,0
0.0,0.0,0.525,-0.0538,0
204.96,1.0,2.175,-0.0653,0
1968.0,0.0,0.275,0.0038,0
564.86,0.0,0.35,-0.0161,0
0.0,0.0,1.45,0.0129,0
250.3,0.0,1.875,0.008,0
662.08,0.0,1.95,-0.0576,0
664.08,4.0,0.975,0.0061,0
259.49,1.0,1.175,0.0158,0
564.86,2.0,0.825,0.0127,0
647.38,0.0,2.9,-0.0213,0
685.89,0.0,0.975,0.9682,0
466.7,0.0,2.625,-0.043,0
664.08,1.0,1.675,-0.0153,0
564.86,0.0,1.725,-0.0684,0
0.0,2.0,1.075,-0.0144,0
250.3,2.0,1.0,-0.0023,0
1968.0,0.0,2.925,0.956,0
1517.51,2.0,0.8,-0.0028,0
647.38,2.0,0.475,0.0174,0
564.86,3.0,1.725,0.9506,0
0.0,0.0,2.4,0.969,0
466.7,0.0,3.2,0.0051,0
685.89,2.0,2.775,-0.0364,0
685.89,0.0,0.775,-0.0038,0
259.49,3.0,2.625,-0.0206,0
1000.89,0.0,0.95,0.0015,0
0.0,0.0,2.8,0.0066,0
259.49,1.0,2.8,-0.0327,0
0.0,0.0,0.675,0.0016,0
1968.0,3.0,0.4,0.9507,0
0.0,3.0,0.65,0.014,0
664.08,1.0,0.675,0.0585,0
204.96,3.0,1.0,-0.0531,0
1000.89,1.0,2.875,0.0069,0
773.63,4.0,2.5,0.9547,0
1000.89,0.0,0.3,0.013,0
647.38,0.0,1.525,-0.0601,0
204.96,1.0,1.875,0.0158,0
685.89,1.0,0.2,0.013,0
851.48,0.0,0.525,-0.0185,0
564.86,3.0,1.675,-0.0464,0
204.96,0.0,3.3,0.0064,0
0.0,2.0,0.925,-0.0013,0
466.7,0.0,1.4,-0.0019,0
207.53,3.0,0.6405,1.0,0
0.0,0.0,0.1961,1.0,0
216.47,0.0,0.2157,1.0,0
55.25,0.0,0.0523,1.0,1
308.98,0.0,0.4706,1.0,0
400.83,0.0,0.3399,1.0,0
403.27,0.0,0.1307,1.0,0
404.92,2.0,0.2941,1.0,0
404.92,1.0,0.451,1.0,0
216.47,3.0,0.0719,1.0,0
594.92,0.0,0.3464,1.0,0
0.0,0.0,0.4706,1.0,1
207.53,0.0,0.1961,1.0,0
55.25,0.0,0.2157,1.0,0
765.12,0.0,0.5359,1.0,0
216.47,0.0,0.0719,1.0,0
403.27,0.0,0.3333,1.0,0
0.0,1.0,0.0654,1.0,1
427.06,3.0,0.4902,1.0,0
400.83,1.0,0.549,1.0,0
594.92,1.0,0.268,1.0,0
404.92,2.0,0.5948,1.0,0
207.53,0.0,0.4902,1.0,0
216.47,0.0,0.5294,1.0,0
205.49,2.0,0.7712,1.0,0
55.25,4.0,0.549,1.0,1
400.83,0.0,0.1242,1.0,0
0.0,0.0,0.4118,1.0,0
1293.48,0.0,0.6471,1.0,0
404.92,2.0,0.3007,1.0,0
0.0,0.0,0.2941,1.0,0
1750.52,0.0,0.0719,1.0,0
1293.48,0.0,0.0523,1.0,0
388.54,0.0,0.3725,1.0,0
404.92,0.0,0.0719,1.0,0
205.49,0.0,0.1765,1.0,0
988.8,0.0,0.3137,1.0,0
1293.48,1.0,0.1242,1.0,0
216.47,1.0,0.1111,1.0,0
0.0,4.0,0.2353,1.0,1
205.49,3.0,0.6928,1.0,0
55.25,0.0,0.3987,1.0,0
404.92,0.0,0.5817,1.0,0
427.06,0.0,0.1961,1.0,0
308.98,0.0,0.1242,1.0,0
1293.48,0.0,0.2484,1.0,0
388.54,0.0,0.6863,1.0,0
0.0,0.0,0.2222,1.0,0
308.98,0.0,0.2614,1.0,0
207.53,0.0,0.6797,1.0,0
403.27,1.0,0.2157,1.0,0
404.92,1.0,0.268,1.0,0
594.92,0.0,0.1438,1.0,0
404.92,0.0,0.5752,1.0,0
404.92,0.0,0.6993,1.0,0
308.98,2.0,0.5752,1.0,0
205.49,1.0,0.2745,1.0,0
988.8,0.0,0.6797,1.0,0
404.92,0.0,0.1176,1.0,0
988.8,0.0,0.5033,1.0,0
403.27,2.0,0.1242,1.0,0
0.0,0.0,0.0784,1.0,1
216.47,4.0,0.6601,1.0,0
388.54,2.0,0.3464,1.0,0
207.53,0.0,0.1307,1.0,0
1293.48,4.0,0.2745,1.0,0
0.0,1.0,0.6144,1.0,1
988.8,1.0,0.6797,1.0,0
765.12,0.0,0.2484,1.0,0
205.49,3.0,0.0784,1.0,0
207.53,0.0,0.3791,1.0,0
55.25,1.0,0.1569,1.0,1
0.0,0.0,0.366,1.0,1
205.49,2.0,0.2026,1.0,0
404.92,0.0,0.0392,1.0,0
0.0,0.0,0.5425,1.0,0
55.25,1.0,0.4706,1.0,1
308.98,0.0,0.7647,1.0,0
1293.48,0.0,0.3725,1.0,0
216.47,0.0,0.4379,1.0,0
216.47,0.0,0.0523,1.0,0
216.47,0.0,0.0654,1.0,0
388.54,2.0,0.5882,1.0,0
388.54,0.0,0.2418,1.0,0
594.92,0.0,0.3007,1.0,0
216.47,0.0,0.1569,1.0,0
427.06,2.0,0.4706,1.0,0
1750.52,0.0,0.1307,1.0,0
403.27,0.0,0.4314,1.0,0
1750.52,0.0,0.0784,1.0,0
594.92,0.0,0.7843,1.0,0
0.0,0.0,0.1307,1.0,0
0.0,0.0,0.5229,1.0,0
427.06,1.0,0.3529,1.0,0
216.47,0.0,0.1046,1.0,0
0.0,0.0,0.4706,1.0,0
403.27,2.0,0.1503,1.0,0
308.98,0.0,0.6405,1.0,0
1750.52,1.0,0.7255,1.0,0
388.54,1.0,0.1046,1.0,0
308.98,0.0,0.098,1.0,0
55.25,1.0,0.1438,1.0,1
308.98,0.0,0.1111,1.0,0
403.27,0.0,0.6078,1.0,0
308.98,0.0,0.0719,1.0,0
216.47,0.0,0.0458,1.0,0
205.49,1.0,0.3791,1.0,0
0.0,0.0,0.4771,1.0,1
205.49,3.0,0.4314,1.0,0
308.98,0.0,0.1634,1.0,0
403.27,0.0,0.3725,1.0,0
404.92,0.0,0.2418,1.0,0
404.92,0.0,0.5163,1.0,0
388.54,0.0,0.6797,1.0,0
0.0,0.0,0.1634,1.0,1
308.98,0.0,0.5425,1.0,0
216.47,0.0,0.719,1.0,0
308.98,0.0,0.281,1.0,0
594.92,0.0,0.268,1.0,0
0.0,2.0,0.1111,1.0,1
55.25,1.0,0.0719,1.0,1
207.53,4.0,0.2092,1.0,0
1750.52,3.0,0.3203,1.0,0
1750.52,3.0,0.451,1.0,0
1293.48,1.0,0.1438,1.0,0
427.06,0.0,0.3137,1.0,0
403.27,2.0,0.6536,1.0,0
0.0,0.0,0.4444,1.0,0
427.06,0.0,0.3791,1.0,0
55.25,0.0,0.3007,1.0,0
403.27,0.0,0.5098,1.0,0
308.98,1.0,0.6144,1.0,0
400.83,3.0,0.4248,1.0,0
1293.48,1.0,0.2092,1.0,0
400.83,3.0,0.1765,1.0,0
427.06,0.0,0.3203,1.0,0
308.98,0.0,0.4837,1.0,0
205.49,0.0,0.085,1.0,0
308.98,0.0,0.7451,1.0,0
308.98,1.0,0.3595,1.0,0
207.53,1.0,0.5948,1.0,0
403.27,3.0,0.7516,1.0,0
0.0,0.0,0.5294,1.0,1
388.54,1.0,0.2484,1.0,0
988.8,1.0,0.2549,1.0,0
216.47,3.0,0.1373,1.0,0
0.0,0.0,0.5686,1.0,0
1750.52,0.0,0.0719,1.0,0
308.98,0.0,0.0915,1.0,0
205.49,1.0,0.3791,1.0,0
55.25,0.0,0.4902,1.0,0
403.27,0.0,0.5098,1.0,0
404.92,2.0,0.2549,1.0,0
0.0,1.0,0.3072,1.0,1
308.98,0.0,0.2157,1.0,0
388.54,0.0,0.7582,1.0,0
427.06,0.0,0.2549,1.0,0
207.53,2.0,0.6863,1.0,0
404.92,0.0,0.4379,1.0,0
308.98,1.0,0.451,1.0,0
205.49,4.0,0.281,1.0,0
55.25,1.0,0.2614,1.0,1
1750.52,0.0,0.7647,1.0,0
1293.48,0.0,0.2092,1.0,0
388.54,0.0,0.1242,1.0,0
308.98,0.0,0.451,1.0,0
216.47,0.0,0.6275,1.0,0
207.53,2.0,0.8366,1.0,0
427.06,2.0,0.7255,1.0,0
427.06,1.0,0.2026,1.0,0
0.0,3.0,0.6863,1.0,1
765.12,0.0,0.2484,1.0,0
216.47,1.0,0.732,1.0,0
0.0,1.0,0.732,1.0,1
216.47,0.0,0.1765,1.0,0
1750.52,3.0,0.1046,1.0,0
216.47,0.0,0.1699,1.0,0
404.92,1.0,0.1765,1.0,0
0.0,3.0,0.2614,1.0,1
765.12,1.0,0.7516,1.0,0
988.8,0.0,0.6536,1.0,0
765.12,2.0,0.0784,1.0,0
388.54,0.0,0.3987,1.0,0
0.0,1.0,0.4902,1.0,1
427.06,0.0,0.0523,1.0,0
594.92,2.0,0.1373,1.0,0
308.98,0.0,0.4379,1.0,0
0.0,0.0,0.8627,1.0,1
216.47,0.0,0.2418,1.0,0
207.53,0.0,0.366,1.0,0
198.13,0.0,3.6296,0.9351,0
465.85,0.0,1.1111,0.9026,0
665.72,0.0,1.2222,0.0169,0
429.07,0.0,0.2963,0.031,0
116.58,0.0,2.6667,-0.009,0
43.45,0.0,1.9259,0.9469,0
0.0,0.0,0.7407,0.0259,0
22.3,1.0,1.6667,0.9828,0
22.3,2.0,2.5556,-0.0224,0
665.72,2.0,0.4074,0.0047,0
99.05,0.0,1.963,0.948,0
465.85,1.0,2.6667,0.0595,0
198.13,0.0,1.1111,-0.0027,0
429.07,0.0,1.2222,0.0055,0
0.0,1.0,3.037,0.974,0
665.72,0.0,0.4074,0.0989,0
0.0,0.0,1.8889,0.9797,0
465.85,0.0,0.3704,0.0194,0
18.16,4.0,2.7778,0.9814,0
43.45,4.0,3.1111,0.0028,0
99.05,0.0,1.5185,0.0213,0
22.3,2.0,3.3704,0.074,0
198.13,2.0,2.7778,-0.0183,0
665.72,0.0,3.0,0.1057,0
671.49,0.0,4.3704,0.9397,0
429.07,2.0,3.1111,0.0414,0
43.45,0.0,0.7037,-0.0059,0
405.14,0.0,2.3333,-0.0019,0
535.43,0.0,3.6667,-0.0224,0
22.3,0.0,1.7037,0.0152,0
465.85,0.0,1.6667,0.0203,0
996.87,0.0,0.4074,-0.018,0
535.43,0.0,0.2963,-0.0056,0
14.79,0.0,2.1111,-0.0099,0
22.3,0.0,0.4074,0.0257,0
671.49,0.0,1.0,0.0414,0
1401.68,1.0,1.7778,0.0233,0
535.43,1.0,0.7037,0.0126,0
665.72,3.0,0.6296,-0.0047,0
405.14,4.0,1.3333,0.0811,0
671.49,0.0,3.9259,0.9561,0
429.07,0.0,2.2593,-0.0061,0
22.3,0.0,3.2963,0.0221,0
18.16,0.0,1.1111,-0.0075,0
116.58,0.0,0.7037,0.9716,0
535.43,0.0,1.4074,-0.0134,0
14.79,1.0,3.8889,-0.0151,0
465.85,0.0,1.2593,0.0066,0
116.58,1.0,1.4815,0.0545,0
198.13,0.0,3.8519,0.0957,0
0.0,2.0,1.2222,0.9393,0
22.3,1.0,1.5185,0.0156,0
99.05,0.0,0.8148,0.0548,0
22.3,0.0,3.2593,-0.0027,0
22.3,0.0,3.963,-0.0033,0
116.58,0.0,3.2593,-0.0236,0
671.49,0.0,1.5556,0.0072,0
1401.68,0.0,3.8519,0.0535,0
22.3,0.0,0.6667,0.003,0
1401.68,0.0,2.8519,0.0998,0
0.0,0.0,0.7037,0.0198,0
465.85,0.0,0.4444,0.0479,0
665.72,4.0,3.7407,-0.0223,0
14.79,2.0,1.963,0.0201,0
198.13,0.0,0.7407,-0.0043,0
535.43,1.0,1.5556,0.8927,0
465.85,0.0,3.4815,0.017,0
1401.68,0.0,3.8519,0.0213,0
0.0,0.0,1.4074,0.0045,0
671.49,1.0,0.4444,0.0171,0
198.13,0.0,2.1481,0.0208,0
429.07,0.0,0.8889,0.9539,0
405.14,3.0,2.0741,-0.0257,0
671.49,0.0,1.1481,-0.0026,0
22.3,0.0,0.2222,0.0077,0
405.14,0.0,3.0741,0.0257,0
429.07,1.0,2.6667,-0.0,0
116.58,0.0,4.3333,0.9493,0
535.43,0.0,2.1111,0.0261,0
665.72,0.0,2.4815,0.0191,0
665.72,0.0,0.2963,0.9227,0
665.72,0.0,0.3704,0.0131,0
14.79,1.0,3.3333,0.1,0
14.79,0.0,1.3704,-0.0068,0
99.05,0.0,1.7037,0.9486,0
665.72,0.0,0.8889,0.0558,0
18.16,2.0,2.6667,0.0127,0
996.87,0.0,0.7407,-0.016,0
0.0,1.0,2.4444,0.1112,0
996.87,0.0,0.4444,0.071,0
99.05,3.0,4.4444,0.0075,0
405.14,0.0,0.7407,0.0312,0
405.14,0.0,2.963,0.0118,0
18.16,0.0,2.0,0.0505,0
665.72,0.0,0.5926,0.0234,0
465.85,0.0,2.6667,0.0227,0
0.0,0.0,0.8519,0.9512,0
116.58,0.0,3.6296,0.0116,0
996.87,0.0,4.1111,0.1054,0
14.79,3.0,0.5926,0.9729,1
116.58,0.0,0.5556,0.9802,0
429.07,2.0,0.8148,0.8955,0
116.58,0.0,0.6296,-0.0069,0
0.0,0.0,3.4444,-0.0047,0
116.58,0.0,0.4074,-0.0022,0
665.72,0.0,0.2593,0.046,0
671.49,1.0,2.1481,-0.0059,0
405.14,0.0,2.7037,0.0454,0
671.49,1.0,2.4444,0.0562,0
116.58,0.0,0.9259,0.9561,0
0.0,0.0,2.1111,-0.0071,0
22.3,0.0,1.3704,0.0461,0
22.3,0.0,2.9259,0.0332,0
14.79,0.0,3.8519,0.0266,0
465.85,0.0,0.9259,0.0011,0
116.58,0.0,3.0741,0.9197,0
665.72,0.0,4.0741,0.9168,0
116.58,0.0,1.5926,0.0246,0
99.05,0.0,1.5185,0.0739,0
405.14,1.0,0.6296,0.0702,0
429.07,1.0,0.4074,0.9568,0
198.13,1.0,1.1852,0.0226,0
996.87,2.0,1.8148,0.011,0
996.87,3.0,2.5556,0.0297,0
535.43,0.0,0.8148,0.0824,0
18.16,0.0,1.7778,-0.0006,0
0.0,3.0,3.7037,0.0564,0
405.14,0.0,2.5185,-0.0027,0
18.16,1.0,2.1481,0.9423,0
429.07,1.0,1.7037,0.0698,0
0.0,0.0,2.8889,-0.0061,0
116.58,3.0,3.4815,0.9504,0
43.45,2.0,2.4074,0.9714,0
535.43,0.0,1.1852,-0.0061,0
43.45,3.0,1.0,0.0648,0
18.16,0.0,1.8148,0.0788,0
116.58,0.0,2.7407,0.0125,0
671.49,0.0,0.4815,0.0178,0
116.58,3.0,4.2222,0.0498,0
116.58,1.0,2.037,0.0647,0
198.13,1.0,3.3704,-0.0027,0
0.0,3.0,4.2593,0.0368,0
465.85,0.0,3.0,0.074,0
14.79,0.0,1.4074,0.9491,0
1401.68,0.0,1.4444,0.0066,0
665.72,3.0,0.7778,0.8869,0
465.85,0.0,3.2222,0.0213,0
996.87,0.0,0.4074,0.0653,0
116.58,0.0,0.5185,0.9487,0
671.49,1.0,2.1481,0.9832,0
429.07,0.0,2.7778,0.0603,0
0.0,0.0,2.8889,0.8965,0
22.3,0.0,1.4444,0.9392,0
405.14,0.0,1.7407,0.0526,0
116.58,0.0,1.2222,0.9813,0
14.79,3.0,4.2963,0.0827,0
18.16,0.0,1.4444,0.0074,0
198.13,2.0,3.8889,0.0319,0
22.3,0.0,2.4815,0.9479,0
116.58,4.0,2.5556,0.0362,0
671.49,2.0,1.5926,-0.0069,0
429.07,0.0,1.4815,0.0152,0
996.87,0.0,4.3333,-0.0048,0
535.43,0.0,1.1852,0.9397,0
14.79,0.0,0.7037,0.0983,0
116.58,0.0,2.5556,-0.0075,0
665.72,0.0,3.5556,-0.0064,0
198.13,2.0,4.7407,0.0528,0
18.16,0.0,4.1111,0.0257,0
18.16,2.0,1.1481,0.9526,0
405.14,0.0,3.8889,0.0636,0
0.0,0.0,1.4074,0.9411,0
665.72,1.0,4.1481,0.0602,0
405.14,0.0,4.1481,-0.0047,0
665.72,0.0,1.0,0.0732,0
996.87,0.0,0.5926,-0.0129,0
665.72,0.0,0.963,0.9736,0
22.3,0.0,1.0,0.9148,0
465.85,0.0,1.4815,0.8991,0
0.0,0.0,4.2593,-0.023,0
1401.68,0.0,3.7037,-0.0007,0
0.0,4.0,0.4444,0.972,1
14.79,0.0,2.2593,0.0254,0
465.85,0.0,2.7778,0.0526,0
18.16,0.0,0.2963,0.9823,0
99.05,4.0,0.7778,-0.0051,0
116.58,0.0,2.4815,0.0241,0
465.85,3.0,4.8889,0.0372,0
665.72,0.0,1.3704,0.9341,0
198.13,1.0,2.0741,0.9414,0
24.87,0.0,2.7222,0.9351,0
55.59,0.0,0.8333,0.9026,0
269.98,2.0,0.9167,0.0169,0
0.0,1.0,0.2222,-0.0084,0
36.54,2.0,2.0,-0.04,0
41.17,1.0,1.4444,0.9469,0
0.0,1.0,0.5556,-0.0539,0
21.98,0.0,1.25,0.0543,0
21.98,0.0,1.9167,-0.0224,0
269.98,0.0,0.3056,-0.0179,0
196.45,2.0,1.4722,0.1547,0
55.59,0.0,2.0,-0.1147,0
24.87,1.0,0.8333,-0.0103,0
0.0,1.0,0.9167,-0.0226,0
426.41,0.0,2.2778,0.0437,0
269.98,1.0,0.3056,0.0989,0
0.0,1.0,1.4167,0.0475,0
55.59,0.0,0.2778,0.0194,0
23.85,0.0,2.0833,0.0512,0
41.17,0.0,2.3333,-0.017,0
196.45,0.0,1.1389,0.0213,0
21.98,0.0,2.5278,0.074,0
24.87,0.0,2.0833,-0.0183,0
269.98,4.0,2.25,-0.1286,0
250.65,0.0,3.2778,0.9397,0
0.0,0.0,2.3333,0.0022,0
41.17,4.0,0.5278,-0.0147,0
86.18,3.0,1.75,-0.0099,0
956.36,1.0,2.75,-0.0224,0
21.98,0.0,1.2778,-0.0232,0
55.59,2.0,1.25,0.0203,0
1416.57,3.0,0.3056,-0.018,0
956.36,2.0,0.2222,-0.0056,0
2.94,2.0,1.5833,-0.039,0
21.98,3.0,0.3056,-0.0529,0
250.65,2.0,0.75,0.0022,0
1043.87,0.0,1.3333,0.0233,0
956.36,0.0,0.5278,0.0126,0
269.98,0.0,0.4722,-0.0371,0
86.18,0.0,1.0,-0.0904,0
250.65,0.0,2.9444,0.9561,0
0.0,2.0,1.6944,-0.0361,0
21.98,1.0,2.4722,0.0221,0
23.85,4.0,0.8333,-0.0075,0
36.54,2.0,0.5278,0.0373,0
956.36,0.0,1.0556,-0.0134,0
2.94,0.0,2.9167,-0.0151,0
55.59,4.0,0.9444,-0.0188,0
36.54,0.0,1.1111,-0.1151,0
24.87,1.0,2.8889,0.0957,0
0.0,0.0,0.9167,0.9393,0
21.98,0.0,1.1389,-0.0181,0
196.45,0.0,0.6111,0.0548,0
21.98,3.0,2.4444,-0.0027,0
21.98,2.0,2.9722,-0.0033,0
36.54,0.0,2.4444,-0.0236,0
250.65,0.0,1.1667,-0.0095,0
1043.87,3.0,2.8889,0.0535,0
21.98,0.0,0.5,-0.0098,0
1043.87,3.0,2.1389,0.0998,0
0.0,0.0,0.5278,0.0198,0
55.59,0.0,0.3333,0.0111,0
269.98,0.0,2.8056,-0.0223,0
2.94,0.0,1.4722,-0.0521,0
24.87,2.0,0.5556,-0.0043,0
956.36,0.0,1.1667,0.8927,0
55.59,0.0,2.6111,-0.0271,0
1043.87,1.0,2.8889,0.0213,0
426.41,1.0,1.0556,-0.0325,0
250.65,0.0,0.3333,-0.0513,0
24.87,1.0,1.6111,0.0208,0
0.0,0.0,0.6667,0.9539,0
86.18,0.0,1.5556,-0.0257,0
250.65,0.0,0.8611,-0.0026,0
21.98,2.0,0.1667,-0.0202,0
86.18,2.0,2.3056,-0.0529,0
0.0,0.0,2.0,-0.0163,0
36.54,2.0,3.25,0.9493,0
956.36,1.0,1.5833,0.0261,0
269.98,2.0,1.8611,0.0191,0
269.98,2.0,0.2222,0.1175,0
269.98,0.0,0.2778,0.0131,0
2.94,0.0,2.5,0.1,0
2.94,1.0,1.0278,-0.0082,0
196.45,0.0,1.2778,0.1515,0
269.98,1.0,0.6667,0.0163,0
23.85,0.0,2.0,-0.0271,0
1416.57,1.0,0.5556,-0.016,0
0.0,0.0,1.8333,-0.1275,0
1416.57,0.0,0.3333,-0.1064,0
196.45,0.0,3.3333,-0.0124,0
86.18,1.0,0.5556,-0.0497,0
86.18,4.0,2.2222,-0.0239,0
23.85,1.0,1.5,0.0505,0
269.98,1.0,0.4444,-0.0488,0
55.59,2.0,2.0,0.0227,0
0.0,0.0,0.6389,0.149,0
36.54,3.0,2.7222,-0.025,0
1416.57,0.0,3.0833,-0.1249,0
2.94,0.0,0.4444,0.0424,0
36.54,1.0,0.4167,0.0507,0
0.0,0.0,0.6111,0.8955,0
36.54,0.0,0.4722,-0.0069,0
0.0,0.0,2.5833,-0.0424,0
36.54,1.0,0.3056,-0.0022,0
269.98,0.0,0.1944,0.046,0
250.65,0.0,1.6111,-0.0147,0
86.18,0.0,2.0278,0.0454,0
250.65,0.0,1.8333,-0.1199,0
36.54,0.0,0.6944,0.9561,1
0.0,0.0,1.5833,-0.0091,0
21.98,1.0,1.0278,0.0101,0
21.98,1.0,2.1944,-0.0099,0
2.94,2.0,2.8889,0.0266,0
55.59,1.0,0.6944,-0.0069,0
36.54,1.0,2.3056,0.1183,0
269.98,1.0,3.0556,0.1203,0
36.54,1.0,1.1944,0.0246,0
196.45,1.0,1.1389,0.0739,0
86.18,0.0,0.4722,-0.1088,0
0.0,0.0,0.3056,0.9568,0
24.87,0.0,0.8889,0.0226,0
1416.57,0.0,1.3611,-0.019,0
1416.57,0.0,1.9167,-0.0071,0
956.36,0.0,0.6111,-0.0905,0
23.85,3.0,1.3333,-0.0006,0
0.0,0.0,2.7778,-0.1205,0
86.18,0.0,1.8889,-0.0027,0
23.85,0.0,1.6111,0.9423,0
0.0,0.0,1.2778,-0.0954,0
0.0,0.0,2.1667,-0.0452,0
36.54,0.0,2.6111,0.9504,0
41.17,0.0,1.8056,0.0385,0
956.36,0.0,0.8889,-0.0101,0
41.17,0.0,0.75,-0.1084,0
23.85,2.0,1.3611,0.0788,0
36.54,3.0,2.0556,-0.0268,0
250.65,0.0,0.3611,0.0178,0
36.54,0.0,3.1667,0.0498,0
36.54,0.0,1.5278,-0.1122,0
24.87,0.0,2.5278,-0.0097,0
0.0,0.0,3.1944,0.0368,0
55.59,0.0,2.25,0.074,0
2.94,0.0,1.0556,0.1485,0
1043.87,0.0,1.0833,-0.0302,0
269.98,0.0,0.5833,0.8869,0
55.59,2.0,2.4167,0.0213,0
1416.57,0.0,0.3056,-0.111,0
36.54,1.0,0.3889,0.9487,1
250.65,0.0,1.6111,0.0537,0
0.0,2.0,2.0833,-0.1094,0
0.0,0.0,2.1667,0.8965,0
21.98,0.0,1.0833,0.9392,0
86.18,0.0,1.3056,0.0526,0
36.54,1.0,0.9167,0.053,0
2.94,0.0,3.2222,0.0827,0
23.85,1.0,1.0833,-0.0173,0
24.87,0.0,2.9167,-0.0513,0
21.98,0.0,1.8611,0.9479,0
36.54,0.0,1.9167,-0.0083,0
250.65,0.0,1.1944,-0.0069,0
0.0,0.0,1.1111,0.0152,0
1416.57,0.0,3.25,-0.0048,0
956.36,3.0,0.8889,0.9397,0
2.94,3.0,0.5278,0.0983,0
36.54,1.0,1.9167,-0.0075,0
269.98,3.0,2.6667,-0.0107,0
24.87,0.0,3.5556,0.0528,0
23.85,0.0,3.0833,-0.0543,0
23.85,0.0,0.8611,0.9526,0
86.18,0.0,2.9167,-0.1151,0
426.41,4.0,1.0556,0.9411,0
269.98,0.0,3.1111,-0.1098,0
86.18,0.0,3.1111,-0.0424,0
269.98,4.0,0.75,-0.1073,0
1416.57,0.0,0.4444,-0.0129,0
269.98,3.0,0.7222,0.0453,0
21.98,0.0,0.75,0.1152,0
55.59,0.0,1.1111,0.8991,0
426.41,0.0,3.1944,-0.023,0
1043.87,2.0,2.7778,-0.0007,0
426.41,0.0,0.3333,0.0397,0
2.94,4.0,1.6944,0.0254,0
55.59,0.0,2.0833,0.0526,0
23.85,0.0,0.2222,0.0483,0
196.45,0.0,0.5833,-0.0051,0
36.54,3.0,1.8611,-0.0547,0
55.59,0.0,3.6667,0.0372,0
269.98,4.0,1.0278,0.9341,0
24.87,0.0,1.5556,0.9414,0
207.6,4.0,1.8148,0.0015,0
60.77,0.0,0.5556,-0.0556,0
0.0,0.0,0.6111,-0.0062,0
92.2,1.0,0.1481,-0.0164,0
309.08,0.0,1.3333,0.012,0
400.97,0.0,0.963,-0.0189,0
403.4,0.0,0.3704,-0.0189,0
405.05,2.0,0.8333,0.0814,0
405.05,0.0,1.2778,-0.0036,0
0.0,3.0,0.2037,0.9683,1
595.1,0.0,0.9815,0.0931,0
60.77,0.0,1.3333,0.964,0
207.6,0.0,0.5556,0.007,0
92.2,0.0,0.6111,-0.0044,0
765.29,0.0,1.5185,0.1678,0
0.0,0.0,0.2037,0.0516,0
403.4,0.0,0.9444,0.0911,0
60.77,1.0,0.1852,0.004,0
427.19,2.0,1.3889,0.0991,0
400.97,0.0,1.5556,0.0139,0
595.1,2.0,0.7593,-0.0064,0
405.05,1.0,1.6852,0.0412,0
207.6,0.0,1.3889,-0.0064,0
0.0,0.0,1.5,0.9109,0
81.44,2.0,2.1852,0.0015,0
92.2,4.0,1.5556,0.9624,0
400.97,0.0,0.3519,0.0174,0
0.0,0.0,1.1667,0.9685,0
1293.74,0.0,1.8333,0.0008,0
405.05,2.0,0.8519,-0.0313,0
60.77,0.0,0.8333,-0.0081,0
1750.85,0.0,0.2037,-0.009,0
1293.74,0.0,0.1481,0.9673,0
388.67,0.0,1.0556,0.0144,0
405.05,0.0,0.2037,-0.0171,0
81.44,0.0,0.5,0.9624,0
774.43,0.0,0.8889,-0.0049,0
1293.74,1.0,0.3519,-0.001,0
0.0,0.0,0.3148,0.0078,0
0.0,3.0,0.6667,0.9674,1
81.44,3.0,1.963,0.001,0
92.2,0.0,1.1296,0.0156,0
405.05,1.0,1.6481,-0.0147,0
427.19,0.0,0.5556,0.9506,0
309.08,0.0,0.3519,0.1699,0
1293.74,0.0,0.7037,-0.005,0
388.67,0.0,1.9444,0.011,0
60.77,0.0,0.6296,0.9631,0
309.08,0.0,0.7407,0.962,0
207.6,0.0,1.9259,0.0502,0
403.4,0.0,0.6111,-0.0051,0
405.05,1.0,0.7593,0.9607,0
595.1,0.0,0.4074,0.047,0
405.05,0.0,1.6296,-0.0087,0
405.05,0.0,1.9815,0.9689,0
309.08,3.0,1.6296,-0.01,0
81.44,2.0,0.7778,0.9699,1
774.43,0.0,1.9259,0.0504,0
405.05,0.0,0.3333,0.9712,0
774.43,0.0,1.4259,0.0437,0
403.4,2.0,0.3519,0.0106,0
60.77,1.0,0.2222,0.9618,1
0.0,3.0,1.8704,0.0076,0
388.67,2.0,0.9815,-0.0186,0
207.6,0.0,0.3704,-0.0106,0
1293.74,4.0,0.7778,-0.0556,0
60.77,1.0,1.7407,-0.0055,0
774.43,2.0,1.9259,-0.0064,0
765.29,0.0,0.7037,-0.0056,0
81.44,3.0,0.2222,-0.024,0
207.6,0.0,1.0741,0.0022,0
92.2,1.0,0.4444,-0.0004,0
0.0,0.0,1.037,-0.0097,0
81.44,2.0,0.5741,-0.0073,0
405.05,0.0,0.1111,0.9665,0
0.0,0.0,1.537,-0.0171,0
92.2,0.0,1.3333,0.0196,0
309.08,0.0,2.1667,-0.018,0
1293.74,0.0,1.0556,0.0059,0
0.0,0.0,1.2407,-0.0064,0
0.0,0.0,0.1481,0.06,0
0.0,0.0,0.1852,-0.0006,0
388.67,2.0,1.6667,0.0456,0
388.67,0.0,0.6852,0.9666,0
595.1,1.0,0.8519,0.0965,0
0.0,0.0,0.4444,0.9588,0
427.19,1.0,1.3333,-0.005,0
1750.85,0.0,0.3704,-0.0038,0
403.4,0.0,1.2222,0.9089,0
1750.85,0.0,0.2222,0.9679,0
595.1,0.0,2.2222,0.9677,0
0.0,0.0,0.3704,-0.0214,0
0.0,0.0,1.4815,-0.0048,0
427.19,2.0,1.0,0.0464,0
0.0,0.0,0.2963,-0.0172,0
60.77,0.0,1.3333,-0.0053,0
403.4,3.0,0.4259,0.1025,0
309.08,0.0,1.8148,-0.0298,0
1750.85,1.0,2.0556,0.9199,0
388.67,0.0,0.2963,0.1671,0
309.08,1.0,0.2778,0.0981,0
92.2,0.0,0.4074,-0.056,0
309.08,1.0,0.3148,-0.0127,0
403.4,0.0,1.7222,0.0197,0
309.08,0.0,0.2037,0.9554,0
0.0,1.0,0.1296,0.0544,0
81.44,1.0,1.0741,0.0174,0
0.0,1.0,1.3519,0.0624,0
81.44,3.0,1.2222,0.9627,0
309.08,0.0,0.463,0.001,0
403.4,0.0,1.0556,0.9704,0
405.05,0.0,0.6852,0.9614,0
405.05,0.0,1.463,-0.0158,0
388.67,0.0,1.9259,0.0018,0
60.77,1.0,0.463,0.9689,1
309.08,0.0,1.537,0.0586,0
0.0,0.0,2.037,0.0614,0
309.08,0.0,0.7963,0.0026,0
595.1,0.0,0.7593,0.0465,0
0.0,2.0,0.3148,0.9681,1
92.2,1.0,0.2037,0.0024,0
207.6,4.0,0.5926,0.001,0
1750.85,3.0,0.9074,0.9655,0
1750.85,2.0,1.2778,-0.0127,0
1293.74,1.0,0.4074,0.9634,0
427.19,0.0,0.8889,-0.0066,0
403.4,1.0,1.8519,0.9649,0
0.0,0.0,1.2593,-0.0087,0
427.19,0.0,1.0741,0.0006,0
92.2,0.0,0.8519,0.9653,0
403.4,1.0,1.4444,0.019,0
309.08,0.0,1.7407,-0.0152,0
400.97,3.0,1.2037,0.1705,0
1293.74,1.0,0.5926,0.9673,0
400.97,3.0,0.5,0.969,0
427.19,1.0,0.9074,0.0397,0
309.08,0.0,1.3704,-0.0087,0
81.44,1.0,0.2407,-0.0052,0
309.08,0.0,2.1111,0.052,0
309.08,1.0,1.0185,0.9653,0
207.6,0.0,1.6852,0.9685,0
403.4,2.0,2.1296,0.0564,0
60.77,1.0,1.5,0.0412,0
388.67,1.0,0.7037,0.1087,0
774.43,2.0,0.7222,-0.0061,0
0.0,3.0,0.3889,-0.0538,0
60.77,0.0,1.6111,-0.0108,0
1750.85,0.0,0.2037,0.9666,0
309.08,0.0,0.2593,-0.0161,0
81.44,0.0,1.0741,0.0889,0
92.2,0.0,1.3889,0.967,0
403.4,0.0,1.4444,-0.0576,0
405.05,3.0,0.7222,0.0061,0
0.0,1.0,0.8704,0.0528,0
309.08,0.0,0.6111,0.0946,0
388.67,0.0,2.1481,0.0435,0
427.19,0.0,0.7222,0.9682,0
207.6,2.0,1.9444,-0.0236,0
405.05,0.0,1.2407,-0.0153,0
309.08,0.0,1.2778,-0.0131,0
81.44,4.0,0.7963,-0.0127,0
92.2,2.0,0.7407,-0.0023,0
1750.85,0.0,2.1667,0.956,0
1293.74,0.0,0.5926,-0.0028,0
388.67,0.0,0.3519,0.044,0
309.08,1.0,1.2778,0.9506,0
0.0,0.0,1.7778,0.969,0
207.6,2.0,2.3704,0.0361,0
427.19,2.0,2.0556,-0.0226,0
427.19,0.0,0.5741,-0.0038,0
0.0,3.0,1.9444,0.9644,0
765.29,0.0,0.7037,0.0015,0
0.0,1.0,2.0741,0.9685,0
0.0,1.0,2.0741,0.0197,0
0.0,0.0,0.5,0.9712,0
1750.85,3.0,0.2963,0.9507,0
0.0,0.0,0.4815,0.1627,0
405.05,1.0,0.5,0.0585,0
60.77,3.0,0.7407,-0.0531,0
765.29,1.0,2.1296,0.0069,0
774.43,1.0,1.8519,0.9547,0
765.29,1.0,0.2222,0.1666,0
388.67,0.0,1.1296,-0.0054,0
60.77,1.0,1.3889,0.0528,0
427.19,1.0,0.1481,0.0929,0
595.1,1.0,0.3889,-0.0056,0
309.08,0.0,1.2407,-0.0203,0
60.77,0.0,2.4444,0.0594,0
0.0,0.0,0.6852,-0.0013,0
207.6,0.0,1.037,-0.0019,0
207.6,1.0,0.9333,0.1014,0
60.77,0.0,0.2857,0.133,0
0.0,0.0,0.3143,0.9546,0
92.2,0.0,0.0762,0.031,0
309.08,0.0,0.6857,0.0169,0
400.97,0.0,0.4952,0.0369,0
403.4,0.0,0.1905,0.938,0
405.05,2.0,0.4286,0.9828,0
405.05,2.0,0.6571,0.9638,0
0.0,3.0,0.1048,0.0209,0
595.1,0.0,0.5048,0.948,0
60.77,1.0,0.6857,0.0595,0
207.6,0.0,0.2857,0.0014,0
92.2,0.0,0.3143,0.8938,0
765.29,0.0,0.781,0.974,0
0.0,0.0,0.1048,0.0473,0
403.4,0.0,0.4857,0.9797,0
60.77,0.0,0.0952,0.9688,0
427.19,4.0,0.7143,0.9814,0
400.97,3.0,0.8,0.0045,0
595.1,0.0,0.3905,0.9551,0
405.05,2.0,0.8667,0.0229,0
207.6,1.0,0.7143,0.9591,0
0.0,0.0,0.7714,0.1057,0
81.44,0.0,1.1238,0.0927,0
92.2,3.0,0.8,0.0414,0
400.97,0.0,0.181,0.0056,0
0.0,0.0,0.6,0.0279,0
1293.74,0.0,0.9429,0.9602,0
405.05,1.0,0.4381,0.971,0
60.77,0.0,0.4286,0.954,0
1750.85,0.0,0.1048,0.9619,0
1293.74,0.0,0.0762,0.0153,0
388.67,0.0,0.5429,0.0232,0
405.05,0.0,0.1048,0.9359,0
81.44,0.0,0.2571,0.0414,0
774.43,1.0,0.4571,0.9687,0
1293.74,1.0,0.181,0.9776,0
0.0,3.0,0.1619,0.0215,0
0.0,4.0,0.3429,0.0811,0
81.44,1.0,1.0095,0.0349,0
92.2,0.0,0.581,0.0211,0
405.05,0.0,0.8476,0.9526,0
427.19,0.0,0.2857,0.0442,0
309.08,0.0,0.181,0.9716,0
1293.74,0.0,0.3619,0.9662,0
388.67,0.0,1.0,0.96,0
60.77,0.0,0.3238,0.0251,0
309.08,1.0,0.381,0.0545,0
207.6,0.0,0.9905,0.0483,0
403.4,2.0,0.3143,0.0898,0
405.05,1.0,0.3905,0.0297,0
595.1,0.0,0.2095,0.0299,0
405.05,0.0,0.8381,0.0251,0
405.05,0.0,1.019,0.0146,0
309.08,0.0,0.8381,0.9558,0
81.44,0.0,0.4,0.0212,0
774.43,0.0,0.9905,0.0304,0
405.05,0.0,0.1714,0.0207,0
774.43,0.0,0.7333,0.0455,0
403.4,1.0,0.181,0.9691,0
60.77,0.0,0.1143,0.0479,0
0.0,4.0,0.9619,0.9576,1
388.67,2.0,0.5048,0.9379,0
207.6,0.0,0.1905,0.0201,0
1293.74,2.0,0.4,0.1394,0
60.77,0.0,0.8952,0.8916,0
774.43,0.0,0.9905,0.9551,0
765.29,0.0,0.3619,0.8878,0
81.44,2.0,0.1143,0.9361,1
207.6,0.0,0.5524,0.9714,0
92.2,1.0,0.2286,0.0431,0
0.0,2.0,0.5333,0.9544,1
81.44,0.0,0.2952,0.0197,0
405.05,0.0,0.0571,0.0324,0
0.0,0.0,0.7905,0.9359,0
92.2,1.0,0.6857,0.01,0
309.08,0.0,1.1143,0.0381,0
1293.74,0.0,0.5429,0.968,0
0.0,0.0,0.6381,0.9514,0
0.0,0.0,0.0762,0.9227,0
0.0,0.0,0.0952,0.9766,0
388.67,2.0,0.8571,0.0443,0
388.67,0.0,0.3524,0.0186,0
595.1,0.0,0.4381,0.9486,0
0.0,0.0,0.2286,0.0558,0
427.19,2.0,0.6857,0.8946,0
1750.85,0.0,0.1905,0.9621,0
403.4,1.0,0.6286,0.1112,0
1750.85,0.0,0.1143,0.071,0
595.1,2.0,1.1429,0.0257,0
0.0,0.0,0.1905,0.9391,0
0.0,0.0,0.7619,0.8946,0
427.19,0.0,0.5143,0.0286,0
0.0,0.0,0.1524,0.9375,0
60.77,0.0,0.6857,0.9531,0
403.4,0.0,0.219,0.9512,0
309.08,0.0,0.9333,0.9711,0
1750.85,1.0,1.0571,0.1054,0
388.67,3.0,0.1524,0.9729,0
309.08,0.0,0.1429,0.9802,0
92.2,2.0,0.2095,0.1478,0
309.08,0.0,0.1619,0.022,0
403.4,0.0,0.8857,0.0247,0
309.08,0.0,0.1048,0.0273,0
0.0,0.0,0.0667,0.0276,0
81.44,1.0,0.5524,0.0056,0
0.0,0.0,0.6952,0.0329,0
81.44,2.0,0.6286,0.0562,0
309.08,0.0,0.2381,0.0349,0
403.4,0.0,0.5429,0.0167,0
405.05,0.0,0.3524,0.0461,0
405.05,0.0,0.7524,0.0332,0
388.67,0.0,0.9905,0.9647,0
60.77,0.0,0.2381,0.0221,0
309.08,0.0,0.7905,0.9197,0
0.0,0.0,1.0476,0.9168,0
309.08,0.0,0.4095,0.9691,0
595.1,0.0,0.3905,0.0264,0
0.0,2.0,0.1619,0.0702,0
92.2,1.0,0.1048,0.0278,0
207.6,2.0,0.3048,0.9691,0
1750.85,3.0,0.4667,0.0258,0
1750.85,3.0,0.6571,0.0297,0
1293.74,0.0,0.2095,0.0824,0
427.19,0.0,0.4571,0.0259,0
403.4,3.0,0.9524,0.0564,0
0.0,0.0,0.6476,0.0251,0
427.19,1.0,0.5524,0.0804,0
92.2,0.0,0.4381,0.0698,0
403.4,0.0,0.7429,0.0263,0
309.08,3.0,0.8952,0.042,0
400.97,3.0,0.619,0.9714,0
1293.74,0.0,0.3048,0.0152,0
400.97,3.0,0.2571,0.0648,0
427.19,0.0,0.4667,0.0257,0
309.08,0.0,0.7048,0.8879,0
81.44,0.0,0.1238,0.9548,0
309.08,2.0,1.0857,0.0276,0
309.08,1.0,0.5238,0.0647,0
207.6,1.0,0.8667,0.0208,0
403.4,3.0,1.0952,0.0263,0
60.77,0.0,0.7714,0.0229,0
388.67,0.0,0.3619,0.9491,0
774.43,0.0,0.3714,0.8925,0
0.0,3.0,0.2,0.1477,0
60.77,0.0,0.8286,0.9497,0
1750.85,0.0,0.1048,0.0653,0
309.08,0.0,0.1333,0.0324,0
81.44,1.0,0.5524,0.9832,1
92.2,0.0,0.7143,0.0603,0
403.4,0.0,0.7429,0.1413,0
405.05,0.0,0.3714,0.0704,0
0.0,0.0,0.4476,0.0291,0
309.08,0.0,0.3143,0.9813,0
388.67,2.0,1.1048,0.0245,0
427.19,0.0,0.3714,0.0198,0
207.6,2.0,1.0,0.9358,0
405.05,0.0,0.6381,0.0368,0
309.08,3.0,0.6571,0.0362,0
81.44,3.0,0.4095,0.022,0
92.2,0.0,0.381,0.978,0
1750.85,0.0,1.1143,0.0224,0
1293.74,0.0,0.3048,0.0875,0
388.67,0.0,0.181,0.0462,0
309.08,0.0,0.6571,0.0442,0
0.0,0.0,0.9143,0.0218,0
207.6,2.0,1.219,0.026,0
427.19,1.0,1.0571,0.9395,0
427.19,2.0,0.2952,0.0538,0
0.0,1.0,1.0,0.0636,0
765.29,0.0,0.3619,0.0766,0
0.0,1.0,1.0667,0.0602,0
0.0,0.0,1.0667,0.0247,0
0.0,0.0,0.2571,0.0732,0
1750.85,1.0,0.1524,0.037,0
0.0,0.0,0.2476,0.9736,0
405.05,0.0,0.2571,0.9148,0
60.77,1.0,0.381,0.1334,0
765.29,0.0,1.0952,0.9549,0
774.43,0.0,0.9524,0.0246,0
765.29,4.0,0.1143,0.972,0
388.67,0.0,0.581,0.9532,0
60.77,1.0,0.7143,0.0291,0
427.19,0.0,0.0762,0.9823,0
595.1,4.0,0.2,0.0251,0
309.08,0.0,0.6381,0.9355,0
60.77,2.0,1.2571,0.0281,0
0.0,0.0,0.3524,0.1017,0
207.6,0.0,0.5333,0.0984,0
24.87,4.0,1.5556,1.0,0
55.59,0.0,0.4762,1.0,0
269.98,0.0,0.5238,1.0,0
0.0,2.0,0.127,1.0,1
36.54,0.0,1.1429,1.0,0
41.17,0.0,0.8254,1.0,1
0.0,0.0,0.3175,1.0,0
21.98,2.0,0.7143,1.0,1
21.98,0.0,1.0952,1.0,0
269.98,3.0,0.1746,1.0,0
196.45,1.0,0.8413,1.0,0
55.59,0.0,1.1429,1.0,0
24.87,0.0,0.4762,1.0,0
0.0,0.0,0.5238,1.0,1
426.41,0.0,1.3016,1.0,0
269.98,1.0,0.1746,1.0,0
0.0,0.0,0.8095,1.0,0
55.59,1.0,0.1587,1.0,1
23.85,1.0,1.1905,1.0,0
41.17,0.0,1.3333,1.0,0
196.45,3.0,0.6508,1.0,0
21.98,0.0,1.4444,1.0,0
24.87,0.0,1.1905,1.0,0
269.98,0.0,1.2857,1.0,0
250.65,2.0,1.873,1.0,0
0.0,4.0,1.3333,1.0,0
41.17,0.0,0.3016,1.0,0
86.18,0.0,1.0,1.0,0
956.36,0.0,1.5714,1.0,0
21.98,2.0,0.7302,1.0,1
55.59,0.0,0.7143,1.0,1
1416.57,0.0,0.1746,1.0,0
956.36,0.0,0.127,1.0,0
2.94,0.0,0.9048,1.0,0
21.98,0.0,0.1746,1.0,1
250.65,0.0,0.4286,1.0,0
1043.87,0.0,0.7619,1.0,0
956.36,1.0,0.3016,1.0,0
269.98,0.0,0.2698,1.0,0
86.18,2.0,0.5714,1.0,1
250.65,3.0,1.6825,1.0,0
0.0,1.0,0.9683,1.0,1
21.98,2.0,1.4127,1.0,0
23.85,0.0,0.4762,1.0,0
36.54,0.0,0.3016,1.0,0
956.36,1.0,0.6032,1.0,0
2.94,0.0,1.6667,1.0,0
55.59,0.0,0.5397,1.0,0
36.54,0.0,0.6349,1.0,0
24.87,0.0,1.6508,1.0,0
0.0,0.0,0.5238,1.0,0
21.98,1.0,0.6508,1.0,1
196.45,0.0,0.3492,1.0,0
21.98,0.0,1.3968,1.0,0
21.98,1.0,1.6984,1.0,0
36.54,3.0,1.3968,1.0,0
250.65,2.0,0.6667,1.0,0
1043.87,0.0,1.6508,1.0,0
21.98,1.0,0.2857,1.0,1
1043.87,0.0,1.2222,1.0,0
0.0,2.0,0.3016,1.0,1
55.59,1.0,0.1905,1.0,1
269.98,2.0,1.6032,1.0,0
2.94,2.0,0.8413,1.0,1
24.87,0.0,0.3175,1.0,0
956.36,4.0,0.6667,1.0,0
55.59,1.0,1.4921,1.0,0
1043.87,3.0,1.6508,1.0,0
426.41,0.0,0.6032,1.0,0
250.65,3.0,0.1905,1.0,0
24.87,0.0,0.9206,1.0,1
0.0,1.0,0.381,1.0,1
86.18,0.0,0.8889,1.0,0
250.65,2.0,0.4921,1.0,0
21.98,0.0,0.0952,1.0,0
86.18,0.0,1.3175,1.0,0
0.0,0.0,1.1429,1.0,0
36.54,0.0,1.8571,1.0,0
956.36,0.0,0.9048,1.0,0
269.98,1.0,1.0635,1.0,0
269.98,0.0,0.127,1.0,0
269.98,0.0,0.1587,1.0,0
2.94,2.0,1.4286,1.0,0
2.94,0.0,0.5873,1.0,1
196.45,1.0,0.7302,1.0,0
269.98,0.0,0.381,1.0,0
23.85,0.0,1.1429,1.0,0
1416.57,0.0,0.3175,1.0,0
0.0,0.0,1.0476,1.0,0
1416.57,1.0,0.1905,1.0,0
196.45,0.0,1.9048,1.0,0
86.18,0.0,0.3175,1.0,0
86.18,0.0,1.2698,1.0,0
23.85,3.0,0.8571,1.0,1
269.98,0.0,0.254,1.0,0
55.59,0.0,1.1429,1.0,0
0.0,3.0,0.3651,1.0,1
36.54,0.0,1.5556,1.0,0
1416.57,1.0,1.7619,1.0,0
2.94,0.0,0.254,1.0,0
36.54,2.0,0.2381,1.0,1
0.0,0.0,0.3492,1.0,0
36.54,1.0,0.2698,1.0,1
0.0,1.0,1.4762,1.0,0
36.54,0.0,0.1746,1.0,0
269.98,1.0,0.1111,1.0,0
250.65,0.0,0.9206,1.0,0
86.18,1.0,1.1587,1.0,0
250.65,3.0,1.0476,1.0,0
36.54,0.0,0.3968,1.0,0
0.0,0.0,0.9048,1.0,0
21.98,0.0,0.5873,1.0,0
21.98,0.0,1.254,1.0,0
2.94,0.0,1.6508,1.0,0
55.59,2.0,0.3968,1.0,1
36.54,0.0,1.3175,1.0,0
269.98,0.0,1.746,1.0,0
36.54,0.0,0.6825,1.0,0
196.45,0.0,0.6508,1.0,0
86.18,2.0,0.2698,1.0,1
0.0,1.0,0.1746,1.0,1
24.87,4.0,0.5079,1.0,1
1416.57,3.0,0.7778,1.0,0
1416.57,1.0,1.0952,1.0,0
956.36,1.0,0.3492,1.0,0
23.85,0.0,0.7619,1.0,0
0.0,0.0,1.5873,1.0,0
86.18,0.0,1.0794,1.0,0
23.85,0.0,0.9206,1.0,0
0.0,0.0,0.7302,1.0,0
0.0,1.0,1.2381,1.0,0
36.54,0.0,1.4921,1.0,0
41.17,3.0,1.0317,1.0,0
956.36,1.0,0.5079,1.0,0
41.17,2.0,0.4286,1.0,1
23.85,2.0,0.7778,1.0,1
36.54,0.0,1.1746,1.0,0
250.65,2.0,0.2063,1.0,0
36.54,0.0,1.8095,1.0,0
36.54,0.0,0.873,1.0,1
24.87,0.0,1.4444,1.0,0
0.0,1.0,1.8254,1.0,0
55.59,2.0,1.2857,1.0,0
2.94,1.0,0.6032,1.0,1
1043.87,3.0,0.619,1.0,0
269.98,2.0,0.3333,1.0,0
55.59,0.0,1.381,1.0,0
1416.57,0.0,0.1746,1.0,0
36.54,0.0,0.2222,1.0,0
250.65,0.0,0.9206,1.0,0
0.0,0.0,1.1905,1.0,0
0.0,0.0,1.2381,1.0,0
21.98,4.0,0.619,1.0,1
86.18,1.0,0.746,1.0,1
36.54,1.0,0.5238,1.0,1
2.94,0.0,1.8413,1.0,0
23.85,0.0,0.619,1.0,0
24.87,1.0,1.6667,1.0,0
21.98,1.0,1.0635,1.0,0
36.54,0.0,1.0952,1.0,0
250.65,4.0,0.6825,1.0,0
0.0,2.0,0.6349,1.0,1
1416.57,0.0,1.8571,1.0,0
956.36,0.0,0.5079,1.0,0
2.94,0.0,0.3016,1.0,1
36.54,2.0,1.0952,1.0,0
269.98,0.0,1.5238,1.0,0
24.87,2.0,2.0317,1.0,0
23.85,2.0,1.7619,1.0,0
23.85,0.0,0.4921,1.0,0
86.18,3.0,1.6667,1.0,0
426.41,0.0,0.6032,1.0,0
269.98,1.0,1.7778,1.0,0
86.18,1.0,1.7778,1.0,0
269.98,0.0,0.4286,1.0,0
1416.57,3.0,0.254,1.0,0
269.98,1.0,0.4127,1.0,0
21.98,1.0,0.4286,1.0,1
55.59,3.0,0.6349,1.0,1
426.41,1.0,1.8254,1.0,0
1043.87,2.0,1.5873,1.0,0
426.41,0.0,0.1905,1.0,0
2.94,0.0,0.9683,1.0,0
55.59,1.0,1.1905,1.0,0
23.85,1.0,0.127,1.0,1
196.45,0.0,0.3333,1.0,0
36.54,1.0,1.0635,1.0,0
55.59,0.0,2.0952,1.0,0
269.98,0.0,0.5873,1.0,0
24.87,0.0,0.8889,1.0,0
197.79,0.0,0.6853,0.1014,0
465.05,0.0,0.2098,0.133,0
664.48,2.0,0.2308,-0.059,0
428.38,1.0,0.0559,0.031,0
116.46,2.0,0.5035,-0.009,0
43.45,1.0,0.3636,0.0369,0
0.0,1.0,0.1399,0.0259,0
22.3,0.0,0.3147,0.9828,0
22.3,0.0,0.4825,-0.0774,0
664.48,0.0,0.0769,0.0047,0
0.0,2.0,0.3706,0.948,1
465.05,0.0,0.5035,0.0595,0
197.79,1.0,0.2098,-0.0027,0
428.38,1.0,0.2308,0.0055,0
274.95,0.0,0.5734,0.974,0
664.48,1.0,0.0769,-0.0434,0
0.0,1.0,0.3566,0.9797,1
465.05,0.0,0.0699,-0.054,0
7.85,0.0,0.5245,0.9814,0
43.45,0.0,0.5874,0.0028,0
0.0,0.0,0.2867,-0.0521,0
22.3,0.0,0.6364,-0.0482,0
197.79,0.0,0.5245,-0.0745,0
664.48,4.0,0.5664,0.1057,0
670.31,0.0,0.8252,0.0927,0
428.38,0.0,0.5874,0.0414,0
43.45,4.0,0.1329,-0.0059,0
404.4,3.0,0.4406,-0.0019,0
781.58,1.0,0.6923,-0.0807,0
22.3,0.0,0.3217,0.0152,0
465.05,2.0,0.3147,-0.0488,0
1239.14,3.0,0.0769,-0.0742,0
781.58,2.0,0.0559,-0.006,0
14.77,2.0,0.3986,-0.0099,0
22.3,3.0,0.0769,0.0257,0
670.31,2.0,0.1888,0.0414,0
1399.01,0.0,0.3357,-0.0493,0
781.58,0.0,0.1329,-0.053,0
664.48,0.0,0.1189,-0.0047,0
404.4,0.0,0.2517,0.0811,0
670.31,0.0,0.7413,0.0349,0
428.38,2.0,0.4266,-0.0061,0
22.3,1.0,0.6224,-0.0686,0
7.85,4.0,0.2098,-0.0104,0
116.46,2.0,0.1329,0.9716,1
781.58,0.0,0.2657,-0.0778,0
14.77,0.0,0.7343,-0.0754,0
465.05,4.0,0.2378,0.0066,0
116.46,0.0,0.2797,0.0545,0
197.79,1.0,0.7273,-0.0388,0
0.0,0.0,0.2308,0.0898,0
22.3,0.0,0.2867,0.0156,0
0.0,0.0,0.1538,-0.0338,0
22.3,3.0,0.6154,-0.0479,0
22.3,2.0,0.7483,-0.0038,0
116.46,0.0,0.6154,-0.0787,0
670.31,0.0,0.2937,0.0072,0
1399.01,3.0,0.7273,-0.0282,0
22.3,0.0,0.1259,0.003,0
1399.01,3.0,0.5385,-0.0505,0
0.0,0.0,0.1329,-0.0548,0
465.05,0.0,0.0839,0.0479,0
664.48,0.0,0.7063,-0.0791,0
14.77,0.0,0.3706,0.0201,0
197.79,2.0,0.1399,-0.047,0
781.58,0.0,0.2937,0.1394,0
465.05,0.0,0.6573,0.017,0
1399.01,1.0,0.7273,-0.0521,0
274.95,1.0,0.2657,0.0045,0
670.31,0.0,0.0839,0.0171,0
197.79,1.0,0.4056,-0.056,0
428.38,0.0,0.1678,0.0431,0
404.4,0.0,0.3916,-0.0782,0
670.31,0.0,0.2168,-0.0489,0
22.3,2.0,0.042,0.0077,0
404.4,2.0,0.5804,0.0257,0
428.38,0.0,0.5035,-0.0,0
116.46,2.0,0.8182,0.0381,0
781.58,1.0,0.3986,-0.0563,0
664.48,2.0,0.4685,-0.0589,0
664.48,2.0,0.0559,0.9227,0
664.48,0.0,0.0699,-0.0533,0
14.77,0.0,0.6294,-0.0516,0
14.77,1.0,0.2587,-0.0068,0
0.0,0.0,0.3217,0.9486,0
664.48,1.0,0.1678,0.0558,0
7.85,0.0,0.5035,0.0127,0
1239.14,1.0,0.1399,-0.0784,0
0.0,0.0,0.4615,0.1112,0
1239.14,0.0,0.0839,0.071,0
0.0,0.0,0.8392,0.0075,0
404.4,1.0,0.1399,0.0312,0
404.4,4.0,0.5594,0.0118,0
7.85,1.0,0.3776,-0.0312,0
664.48,1.0,0.1119,0.0234,0
465.05,2.0,0.5035,-0.0622,0
0.0,0.0,0.1608,0.9512,0
116.46,3.0,0.6853,0.0116,0
1239.14,0.0,0.7762,0.1054,0
14.77,0.0,0.1119,0.9729,0
116.46,1.0,0.1049,0.9802,1
428.38,0.0,0.1538,0.1478,0
116.46,0.0,0.1189,-0.0492,0
0.0,0.0,0.6503,-0.0047,0
116.46,1.0,0.0769,-0.0171,0
664.48,0.0,0.049,-0.0504,0
670.31,0.0,0.4056,-0.0059,0
404.4,0.0,0.5105,-0.036,0
670.31,0.0,0.4615,0.0562,0
116.46,0.0,0.1748,0.0349,0
0.0,0.0,0.3986,-0.0071,0
22.3,1.0,0.2587,0.0461,0
22.3,1.0,0.5524,0.0332,0
14.77,2.0,0.7273,-0.0439,0
465.05,1.0,0.1748,0.0011,0
116.46,1.0,0.5804,0.9197,1
664.48,1.0,0.7692,0.9168,0
116.46,1.0,0.3007,-0.0513,0
0.0,1.0,0.2867,-0.043,0
404.4,0.0,0.1189,0.0702,0
428.38,0.0,0.0769,0.0278,0
197.79,0.0,0.2238,-0.049,0
1239.14,0.0,0.3427,0.011,0
1239.14,0.0,0.4825,0.0297,0
781.58,0.0,0.1538,0.0824,0
7.85,3.0,0.3357,-0.0459,0
0.0,0.0,0.6993,0.0564,0
404.4,0.0,0.4755,-0.0479,0
7.85,0.0,0.4056,0.0804,0
428.38,0.0,0.3217,0.0698,0
0.0,0.0,0.5455,-0.0061,0
116.46,0.0,0.6573,0.042,0
43.45,0.0,0.4545,0.9714,0
781.58,0.0,0.2238,-0.0061,0
43.45,0.0,0.1888,0.0648,0
7.85,2.0,0.3427,-0.0501,0
116.46,3.0,0.5175,0.0125,0
670.31,0.0,0.0909,-0.0581,0
116.46,0.0,0.7972,-0.0493,0
116.46,0.0,0.3846,0.0647,0
197.79,0.0,0.6364,-0.0027,0
0.0,0.0,0.8042,-0.0509,0
465.05,0.0,0.5664,-0.0482,0
14.77,0.0,0.2657,0.9491,0
1399.01,0.0,0.2727,0.0066,0
664.48,0.0,0.1469,0.1477,0
465.05,2.0,0.6084,-0.0608,0
1239.14,0.0,0.0769,0.0653,0
116.46,1.0,0.0979,0.0324,0
670.31,0.0,0.4056,0.9832,0
428.38,2.0,0.5245,0.0603,0
0.0,0.0,0.5455,0.1413,0
22.3,0.0,0.2727,0.0704,0
404.4,0.0,0.3287,-0.0351,0
116.46,1.0,0.2308,0.9813,1
14.77,0.0,0.8112,-0.0539,0
7.85,1.0,0.2727,0.0074,0
197.79,0.0,0.7343,0.0319,0
22.3,0.0,0.4685,0.0368,0
116.46,0.0,0.4825,0.0362,0
670.31,0.0,0.3007,-0.0492,0
428.38,0.0,0.2797,-0.051,0
1239.14,0.0,0.8182,-0.0233,0
781.58,3.0,0.2238,0.0875,0
14.77,3.0,0.1329,-0.0551,0
116.46,1.0,0.4825,-0.0104,0
664.48,3.0,0.6713,-0.0064,0
197.79,0.0,0.8951,-0.025,0
7.85,0.0,0.7762,0.0257,0
7.85,0.0,0.2168,0.0538,0
404.4,0.0,0.7343,0.0636,0
274.95,4.0,0.2657,0.0766,0
664.48,0.0,0.7832,0.0602,0
404.4,0.0,0.7832,-0.0047,0
664.48,4.0,0.1888,0.0732,0
1239.14,0.0,0.1119,-0.027,0
664.48,3.0,0.1818,0.9736,0
22.3,0.0,0.1888,0.9148,0
465.05,0.0,0.2797,0.1334,0
274.95,0.0,0.8042,-0.0854,0
1399.01,2.0,0.6993,-0.0267,0
274.95,0.0,0.0839,0.972,0
14.77,4.0,0.4266,-0.0621,0
465.05,0.0,0.5245,-0.0351,0
7.85,0.0,0.0559,0.9823,0
0.0,0.0,0.1469,-0.0432,0
116.46,3.0,0.4685,0.0241,0
465.05,0.0,0.9231,-0.0391,0
664.48,4.0,0.2587,0.1017,0
197.79,0.0,0.3916,0.0984,0
24.13,4.0,1.5556,0.1014,0
71.54,0.0,0.4762,0.133,0
0.0,0.0,0.5238,-0.059,0
105.32,2.0,0.127,0.031,0
62.61,0.0,1.1429,-0.009,0
43.32,0.0,0.8254,0.0369,0
0.0,0.0,0.3175,0.0259,0
22.3,2.0,0.7143,0.9828,1
22.3,0.0,1.0952,-0.0774,0
0.0,3.0,0.1746,0.0047,0
196.54,1.0,0.8413,0.948,0
71.54,0.0,1.1429,0.0595,0
24.13,0.0,0.4762,-0.0027,0
105.32,0.0,0.5238,0.0055,0
426.48,0.0,1.3016,0.974,0
0.0,1.0,0.1746,-0.0434,0
0.0,0.0,0.8095,0.9797,0
71.54,1.0,0.1587,-0.054,0
23.87,1.0,1.1905,0.9814,0
43.32,0.0,1.3333,0.0028,0
196.54,3.0,0.6508,-0.0521,0
22.3,0.0,1.4444,-0.0482,0
24.13,0.0,1.1905,-0.0745,0
0.0,0.0,1.2857,0.1057,0
81.51,2.0,1.873,0.0927,0
105.32,4.0,1.3333,0.0414,0
43.32,0.0,0.3016,-0.0059,0
13.57,0.0,1.0,-0.0019,0
956.57,0.0,1.5714,-0.0807,0
22.3,2.0,0.7302,0.0152,0
71.54,0.0,0.7143,-0.0488,0
1416.89,0.0,0.1746,-0.0742,0
956.57,0.0,0.127,-0.006,0
0.7,0.0,0.9048,-0.0099,0
22.3,0.0,0.1746,0.0257,0
81.51,0.0,0.4286,0.0414,0
775.0,0.0,0.7619,-0.0493,0
956.57,1.0,0.3016,-0.053,0
0.0,0.0,0.2698,-0.0047,0
13.57,2.0,0.5714,0.0811,0
81.51,3.0,1.6825,0.0349,0
105.32,1.0,0.9683,-0.0061,0
22.3,2.0,1.4127,-0.0686,0
23.87,0.0,0.4762,-0.0104,0
62.61,0.0,0.3016,0.9716,0
956.57,1.0,0.6032,-0.0778,0
0.7,0.0,1.6667,-0.0754,0
71.54,0.0,0.5397,0.0066,0
62.61,0.0,0.6349,0.0545,0
24.13,0.0,1.6508,-0.0388,0
0.0,0.0,0.5238,0.0898,0
22.3,1.0,0.6508,0.0156,0
196.54,0.0,0.3492,-0.0338,0
22.3,0.0,1.3968,-0.0479,0
22.3,1.0,1.6984,-0.0038,0
62.61,3.0,1.3968,-0.0787,0
81.51,2.0,0.6667,0.0072,0
775.0,0.0,1.6508,-0.0282,0
22.3,1.0,0.2857,0.003,0
775.0,0.0,1.2222,-0.0505,0
0.0,2.0,0.3016,-0.0548,0
71.54,1.0,0.1905,0.0479,0
0.0,2.0,1.6032,-0.0791,0
0.7,2.0,0.8413,0.0201,0
24.13,0.0,0.3175,-0.047,0
956.57,4.0,0.6667,0.1394,0
71.54,1.0,1.4921,0.017,0
775.0,3.0,1.6508,-0.0521,0
426.48,0.0,0.6032,0.0045,0
81.51,3.0,0.1905,0.0171,0
24.13,0.0,0.9206,-0.056,0
105.32,1.0,0.381,0.0431,0
13.57,0.0,0.8889,-0.0782,0
81.51,2.0,0.4921,-0.0489,0
22.3,0.0,0.0952,0.0077,0
13.57,0.0,1.3175,0.0257,0
105.32,0.0,1.1429,-0.0,0
62.61,0.0,1.8571,0.0381,0
956.57,0.0,0.9048,-0.0563,0
0.0,1.0,1.0635,-0.0589,0
0.0,0.0,0.127,0.9227,0
0.0,0.0,0.1587,-0.0533,0
0.7,2.0,1.4286,-0.0516,0
0.7,0.0,0.5873,-0.0068,0
196.54,1.0,0.7302,0.9486,0
0.0,0.0,0.381,0.0558,0
23.87,0.0,1.1429,0.0127,0
1416.89,0.0,0.3175,-0.0784,0
0.0,0.0,1.0476,0.1112,0
1416.89,1.0,0.1905,0.071,0
196.54,0.0,1.9048,0.0075,0
13.57,0.0,0.3175,0.0312,0
13.57,0.0,1.2698,0.0118,0
23.87,3.0,0.8571,-0.0312,0
0.0,0.0,0.254,0.0234,0
71.54,0.0,1.1429,-0.0622,0
0.0,3.0,0.3651,0.9512,1
62.61,0.0,1.5556,0.0116,0
1416.89,1.0,1.7619,0.1054,0
0.7,0.0,0.254,0.9729,0
62.61,2.0,0.2381,0.9802,1
105.32,0.0,0.3492,0.1478,0
62.61,1.0,0.2698,-0.0492,0
0.0,1.0,1.4762,-0.0047,0
62.61,0.0,0.1746,-0.0171,0
0.0,1.0,0.1111,-0.0504,0
81.51,0.0,0.9206,-0.0059,0
13.57,1.0,1.1587,-0.036,0
81.51,3.0,1.0476,0.0562,0
62.61,0.0,0.3968,0.0349,0
0.0,0.0,0.9048,-0.0071,0
22.3,0.0,0.5873,0.0461,0
22.3,0.0,1.254,0.0332,0
0.7,0.0,1.6508,-0.0439,0
71.54,2.0,0.3968,0.0011,0
62.61,0.0,1.3175,0.9197,0
0.0,0.0,1.746,0.9168,0
62.61,0.0,0.6825,-0.0513,0
196.54,0.0,0.6508,-0.043,0
13.57,2.0,0.2698,0.0702,0
105.32,1.0,0.1746,0.0278,0
24.13,4.0,0.5079,-0.049,0
1416.89,3.0,0.7778,0.011,0
1416.89,1.0,1.0952,0.0297,0
956.57,1.0,0.3492,0.0824,0
23.87,0.0,0.7619,-0.0459,0
0.0,0.0,1.5873,0.0564,0
13.57,0.0,1.0794,-0.0479,0
23.87,0.0,0.9206,0.0804,0
105.32,0.0,0.7302,0.0698,0
0.0,1.0,1.2381,-0.0061,0
62.61,0.0,1.4921,0.042,0
43.32,3.0,1.0317,0.9714,0
956.57,1.0,0.5079,-0.0061,0
43.32,2.0,0.4286,0.0648,0
23.87,2.0,0.7778,-0.0501,0
62.61,0.0,1.1746,0.0125,0
81.51,2.0,0.2063,-0.0581,0
62.61,0.0,1.8095,-0.0493,0
62.61,0.0,0.873,0.0647,0
24.13,0.0,1.4444,-0.0027,0
0.0,1.0,1.8254,-0.0509,0
71.54,2.0,1.2857,-0.0482,0
0.7,1.0,0.6032,0.9491,1
775.0,3.0,0.619,0.0066,0
0.0,2.0,0.3333,0.1477,0
71.54,0.0,1.381,-0.0608,0
1416.89,0.0,0.1746,0.0653,0
62.61,0.0,0.2222,0.0324,0
81.51,0.0,0.9206,0.9832,0
105.32,0.0,1.1905,0.0603,0
0.0,0.0,1.2381,0.1413,0
22.3,4.0,0.619,0.0704,0
13.57,1.0,0.746,-0.0351,0
62.61,1.0,0.5238,0.9813,1
0.7,0.0,1.8413,-0.0539,0
23.87,0.0,0.619,0.0074,0
24.13,1.0,1.6667,0.0319,0
22.3,1.0,1.0635,0.0368,0
62.61,0.0,1.0952,0.0362,0
81.51,4.0,0.6825,-0.0492,0
105.32,2.0,0.6349,-0.051,0
1416.89,0.0,1.8571,-0.0233,0
956.57,0.0,0.5079,0.0875,0
0.7,0.0,0.3016,-0.0551,0
62.61,2.0,1.0952,-0.0104,0
0.0,0.0,1.5238,-0.0064,0
24.13,2.0,2.0317,-0.025,0
23.87,2.0,1.7619,0.0257,0
23.87,0.0,0.4921,0.0538,0
13.57,3.0,1.6667,0.0636,0
426.48,0.0,0.6032,0.0766,0
0.0,1.0,1.7778,0.0602,0
13.57,1.0,1.7778,-0.0047,0
0.0,0.0,0.4286,0.0732,0
1416.89,3.0,0.254,-0.027,0
0.0,1.0,0.4127,0.9736,1
22.3,1.0,0.4286,0.9148,1
71.54,3.0,0.6349,0.1334,0
426.48,1.0,1.8254,-0.0854,0
775.0,2.0,1.5873,-0.0267,0
426.48,0.0,0.1905,0.972,0
0.7,0.0,0.9683,-0.0621,0
71.54,1.0,1.1905,-0.0351,0
23.87,1.0,0.127,0.9823,1
196.54,0.0,0.3333,-0.0432,0
62.61,1.0,1.0635,0.0241,0
71.54,0.0,2.0952,-0.0391,0
0.0,0.0,0.5873,0.1017,0
24.13,0.0,0.8889,0.0984,0
24.87,4.0,1.1807,0.1014,0
55.59,0.0,0.3614,0.133,0
269.98,0.0,0.3976,0.9546,0
0.0,3.0,0.0964,0.031,0
36.54,0.0,0.8675,0.0061,0
41.17,1.0,0.6265,0.0369,0
0.0,0.0,0.241,0.938,1
21.98,2.0,0.5422,0.9828,1
21.98,0.0,0.8313,0.0175,0
269.98,2.0,0.1325,0.9683,0
196.45,2.0,0.6386,0.948,0
55.59,0.0,0.8675,0.0595,0
24.87,0.0,0.3614,-0.0027,0
0.0,1.0,0.3976,0.8938,1
426.41,0.0,0.988,0.974,0
269.98,2.0,0.1325,0.0473,0
0.0,0.0,0.6145,0.9797,0
55.59,1.0,0.1205,-0.0055,0
23.85,0.0,0.9036,0.9814,1
41.17,0.0,1.012,0.0028,0
196.45,3.0,0.494,0.9551,0
21.98,0.0,1.0964,0.0229,0
24.87,0.0,0.9036,0.0183,0
269.98,0.0,0.9759,0.1057,0
250.65,2.0,1.4217,0.0927,0
0.0,3.0,1.012,0.9624,0
41.17,0.0,0.2289,-0.0059,0
86.18,0.0,0.759,0.9685,0
956.36,0.0,1.1928,0.0008,0
21.98,2.0,0.5542,0.971,1
55.59,1.0,0.5422,0.954,1
1416.57,1.0,0.1325,0.0217,0
956.36,1.0,0.0964,0.9673,0
2.94,0.0,0.6867,0.0055,0
21.98,1.0,0.1325,0.9359,1
250.65,1.0,0.3253,0.9624,0
1043.87,0.0,0.5783,-0.0065,0
956.36,1.0,0.2289,-0.001,0
269.98,0.0,0.2048,0.0037,0
86.18,1.0,0.4337,0.0811,0
250.65,3.0,1.2771,0.0349,0
0.0,2.0,0.7349,0.0037,0
21.98,3.0,1.0723,0.9526,0
23.85,0.0,0.3614,0.9506,0
36.54,0.0,0.2289,0.9716,1
956.36,1.0,0.4578,0.0205,0
2.94,0.0,1.2651,0.0084,0
55.59,0.0,0.4096,0.9631,0
36.54,0.0,0.4819,0.0545,0
24.87,0.0,1.253,0.0483,0
0.0,0.0,0.3976,0.0898,0
21.98,1.0,0.494,0.9607,1
196.45,0.0,0.2651,0.0299,0
21.98,0.0,1.0602,0.0101,0
21.98,2.0,1.2892,0.9689,0
36.54,3.0,1.0602,0.0187,0
250.65,2.0,0.506,0.9699,0
1043.87,0.0,1.253,0.0304,0
21.98,1.0,0.2169,0.9712,1
1043.87,0.0,0.9277,0.0455,0
0.0,2.0,0.2289,-0.0046,0
55.59,1.0,0.1446,0.9618,1
269.98,1.0,1.2169,0.0076,0
2.94,1.0,0.6386,0.9379,1
24.87,0.0,0.241,0.0095,0
956.36,4.0,0.506,0.1394,0
55.59,1.0,1.1325,0.8916,0
1043.87,4.0,1.253,0.9551,0
426.41,0.0,0.4578,0.8878,0
250.65,3.0,0.1446,0.9361,0
24.87,1.0,0.6988,-0.0058,0
0.0,1.0,0.2892,0.0431,0
86.18,0.0,0.6747,0.018,0
250.65,2.0,0.3735,0.0088,0
21.98,0.0,0.0723,0.9665,0
86.18,0.0,1.0,0.9359,0
0.0,0.0,0.8675,-0.0,0
36.54,1.0,1.4096,0.0381,0
956.36,0.0,0.6867,-0.0013,0
269.98,2.0,0.8072,0.9514,0
269.98,0.0,0.0964,0.9227,0
269.98,0.0,0.1205,-0.0006,0
2.94,2.0,1.0843,0.0443,0
2.94,1.0,0.4458,0.9666,1
196.45,1.0,0.5542,0.9486,0
269.98,1.0,0.2892,0.9588,0
23.85,0.0,0.8675,0.8946,0
1416.57,0.0,0.241,0.0212,0
0.0,0.0,0.7952,0.1112,0
1416.57,1.0,0.1446,0.071,0
196.45,0.0,1.4458,0.9677,0
86.18,0.0,0.241,0.9391,1
86.18,0.0,0.9639,0.8946,1
23.85,4.0,0.6506,0.0286,0
269.98,0.0,0.1928,0.9375,0
55.59,0.0,0.8675,0.9531,0
0.0,3.0,0.2771,0.9512,1
36.54,0.0,1.1807,0.9711,0
1416.57,1.0,1.3373,0.1054,0
2.94,0.0,0.1928,0.9729,0
36.54,3.0,0.1807,0.9802,1
0.0,0.0,0.2651,0.1478,0
36.54,1.0,0.2048,0.0064,0
0.0,1.0,1.1205,0.0011,0
36.54,0.0,0.1325,0.9554,1
269.98,1.0,0.0843,0.0276,0
250.65,0.0,0.6988,-0.0059,0
86.18,1.0,0.8795,0.0329,0
250.65,3.0,0.7952,0.0562,0
36.54,0.0,0.3012,0.0349,0
0.0,0.0,0.6867,0.9704,0
21.98,0.0,0.4458,0.9614,1
21.98,0.0,0.9518,0.0332,0
2.94,0.0,1.253,-0.0046,0
55.59,3.0,0.3012,0.9689,1
36.54,0.0,1.0,0.9197,0
269.98,0.0,1.3253,0.9168,0
36.54,0.0,0.5181,-0.0055,0
196.45,0.0,0.494,0.0264,0
86.18,2.0,0.2048,0.0702,0
0.0,0.0,0.1325,0.0278,0
24.87,4.0,0.3855,-0.0064,0
1416.57,2.0,0.5904,0.9655,0
1416.57,0.0,0.8313,0.0297,0
956.36,1.0,0.2651,0.0824,0
23.85,0.0,0.5783,0.0092,0
0.0,0.0,1.2048,0.0564,0
86.18,0.0,0.8193,0.0101,0
23.85,0.0,0.6988,0.0804,0
0.0,0.0,0.5542,0.0698,0
0.0,1.0,0.9398,0.0004,0
36.54,0.0,1.1325,0.042,0
41.17,2.0,0.7831,0.9714,1
956.36,1.0,0.3855,0.9673,0
41.17,1.0,0.3253,0.0648,0
23.85,3.0,0.5904,0.0257,0
36.54,0.0,0.8916,0.8879,0
250.65,2.0,0.1566,0.9548,0
36.54,0.0,1.3735,0.0276,0
36.54,0.0,0.6627,0.0647,0
24.87,0.0,1.0964,0.9685,0
0.0,0.0,1.3855,0.0263,0
55.59,2.0,0.9759,0.0229,0
2.94,1.0,0.4578,0.9491,1
1043.87,3.0,0.4699,0.8925,0
269.98,1.0,0.253,0.1477,0
55.59,0.0,1.0482,0.9497,0
1416.57,0.0,0.1325,0.0653,0
36.54,0.0,0.1687,0.0324,0
250.65,0.0,0.6988,0.9832,0
0.0,0.0,0.9036,0.0603,0
0.0,0.0,0.9398,0.1413,0
21.98,4.0,0.4699,0.0704,0
86.18,1.0,0.5663,0.0291,0
36.54,2.0,0.3976,0.9813,1
2.94,0.0,1.3976,0.0245,0
23.85,0.0,0.4699,0.9682,0
24.87,0.0,1.2651,0.9358,0
21.98,1.0,0.8072,0.0368,0
36.54,0.0,0.8313,0.0362,0
250.65,3.0,0.5181,0.0064,0
0.0,2.0,0.4819,-0.0023,0
1416.57,0.0,1.4096,0.956,0
956.36,1.0,0.3855,0.0875,0
2.94,1.0,0.2289,0.0462,0
36.54,3.0,0.8313,0.9506,1
269.98,0.0,1.1566,0.969,0
24.87,1.0,1.5422,0.026,0
23.85,2.0,1.3373,0.9395,0
23.85,0.0,0.3735,0.0538,0
86.18,3.0,1.2651,0.0636,0
426.41,0.0,0.4578,0.0766,0
269.98,1.0,1.3494,0.0602,0
86.18,1.0,1.3494,0.0011,0
269.98,0.0,0.3253,0.0732,0
1416.57,3.0,0.1928,0.9507,0
269.98,2.0,0.3133,0.9736,0
21.98,1.0,0.3253,0.9148,1
55.59,3.0,0.4819,0.1334,0
426.41,1.0,1.3855,0.0069,0
1043.87,3.0,1.2048,0.9547,0
426.41,0.0,0.1446,0.972,0
2.94,0.0,0.7349,0.9532,0
55.59,1.0,0.9036,0.0291,0
23.85,1.0,0.0964,0.9823,1
196.45,0.0,0.253,0.0101,0
36.54,2.0,0.8072,0.9355,1
55.59,0.0,1.5904,0.0281,0
269.98,1.0,0.4458,0.1017,0
24.87,0.0,0.6747,0.0984,0
197.79,1.0,0.8909,-0.0029,0
465.05,0.0,0.2727,-0.0247,0
664.48,2.0,0.3,0.9546,0
428.38,3.0,0.0727,-0.0003,0
116.46,0.0,0.6545,0.012,0
43.45,1.0,0.4727,-0.0146,0
0.0,1.0,0.1818,0.938,1
22.3,0.0,0.4091,0.0814,0
22.3,0.0,0.6273,0.0175,0
664.48,0.0,0.1,-0.0127,0
0.0,3.0,0.4818,0.0931,0
465.05,0.0,0.6545,0.964,0
197.79,0.0,0.2727,0.007,0
428.38,1.0,0.3,0.8938,0
274.95,0.0,0.7455,0.1678,0
664.48,2.0,0.1,0.0516,0
0.0,0.0,0.4636,0.0911,0
465.05,0.0,0.0909,0.004,0
7.85,0.0,0.6818,0.0991,0
43.45,0.0,0.7636,0.0139,0
0.0,2.0,0.3727,0.9551,1
22.3,0.0,0.8273,0.0412,0
197.79,0.0,0.6818,0.0183,0
664.48,2.0,0.7364,0.9109,0
670.31,0.0,1.0727,-0.0036,0
428.38,0.0,0.7636,-0.0225,0
43.45,2.0,0.1727,0.0174,0
404.4,1.0,0.5727,-0.0134,0
781.58,0.0,0.9,-0.0024,0
22.3,0.0,0.4182,0.971,0
465.05,2.0,0.4091,0.954,0
1239.14,3.0,0.1,0.0217,0
781.58,2.0,0.0727,-0.0113,0
14.77,2.0,0.5182,0.0144,0
22.3,3.0,0.1,0.9359,1
670.31,2.0,0.2455,-0.0225,0
1399.01,0.0,0.4364,-0.0049,0
781.58,0.0,0.1727,-0.0058,0
664.48,0.0,0.1545,0.0078,0
404.4,0.0,0.3273,0.9674,0
670.31,0.0,0.9636,0.0066,0
428.38,3.0,0.5545,0.0156,0
22.3,3.0,0.8091,0.9526,1
7.85,3.0,0.2727,-0.0356,0
116.46,2.0,0.1727,0.1699,0
781.58,1.0,0.3455,0.0205,0
14.77,0.0,0.9545,0.011,0
465.05,3.0,0.3091,-0.0092,0
116.46,0.0,0.3636,0.962,0
197.79,0.0,0.9455,0.0502,0
0.0,0.0,0.3,0.004,0
22.3,0.0,0.3727,-0.0147,0
0.0,0.0,0.2,0.047,0
22.3,3.0,0.8,0.0101,0
22.3,3.0,0.9727,-0.0084,0
116.46,1.0,0.8,0.0187,0
670.31,1.0,0.3818,-0.0193,0
1399.01,3.0,0.9455,0.0504,0
22.3,1.0,0.1636,-0.0158,0
1399.01,1.0,0.7,0.0455,0
0.0,0.0,0.1727,0.0106,0
465.05,1.0,0.1091,-0.0236,0
664.48,0.0,0.9182,0.007,0
14.77,0.0,0.4818,0.9379,0
197.79,2.0,0.1818,0.0095,0
781.58,0.0,0.3818,-0.0245,0
465.05,0.0,0.8545,0.8916,0
1399.01,3.0,0.9455,0.9551,0
274.95,1.0,0.3455,0.8878,0
670.31,0.0,0.1091,0.9361,0
197.79,1.0,0.5273,0.0022,0
428.38,0.0,0.2182,0.0022,0
404.4,0.0,0.5091,0.018,0
670.31,0.0,0.2818,0.0088,0
22.3,1.0,0.0545,-0.0142,0
404.4,1.0,0.7545,0.9359,0
428.38,0.0,0.6545,0.0196,0
116.46,2.0,1.0636,-0.017,0
781.58,0.0,0.5182,0.0059,0
664.48,3.0,0.6091,0.9514,0
664.48,0.0,0.0727,0.0325,0
664.48,0.0,0.0909,-0.0035,0
14.77,0.0,0.8182,0.0456,0
14.77,1.0,0.3364,-0.0047,0
0.0,1.0,0.4182,0.0965,0
664.48,1.0,0.2182,-0.0289,0
7.85,0.0,0.6545,0.8946,0
1239.14,0.0,0.1818,0.0212,0
0.0,0.0,0.6,0.9089,0
1239.14,1.0,0.1091,0.9679,0
0.0,0.0,1.0909,-0.0087,0
404.4,1.0,0.1818,0.9391,0
404.4,4.0,0.7273,0.8946,0
7.85,3.0,0.4909,0.0464,0
664.48,1.0,0.1455,0.9375,0
465.05,2.0,0.6545,0.9531,0
0.0,1.0,0.2091,0.1025,0
116.46,1.0,0.8909,0.9711,1
1239.14,0.0,1.0091,0.9199,0
14.77,0.0,0.1455,0.1671,0
116.46,3.0,0.1364,0.0981,0
428.38,0.0,0.2,-0.0227,0
116.46,1.0,0.1545,0.0064,0
0.0,1.0,0.8455,0.0197,0
116.46,1.0,0.1,-0.0413,0
664.48,1.0,0.0636,0.0544,0
670.31,0.0,0.5273,0.0174,0
404.4,1.0,0.6636,0.0624,0
670.31,0.0,0.6,0.9627,0
116.46,0.0,0.2273,0.0066,0
0.0,0.0,0.5182,-0.0099,0
22.3,1.0,0.3364,-0.0203,0
22.3,1.0,0.7182,0.0036,0
14.77,1.0,0.9455,0.0018,0
465.05,3.0,0.2273,-0.0092,0
116.46,0.0,0.7545,0.0282,0
664.48,0.0,1.0,0.0311,0
116.46,0.0,0.3909,0.0026,0
0.0,1.0,0.3727,0.0465,0
404.4,0.0,0.1545,0.9681,0
428.38,0.0,0.1,0.0013,0
197.79,0.0,0.2909,0.001,0
1239.14,0.0,0.4455,-0.015,0
1239.14,0.0,0.6273,0.0016,0
781.58,0.0,0.2,0.9634,0
7.85,3.0,0.4364,0.0092,0
0.0,0.0,0.9091,0.9649,0
404.4,0.0,0.6182,0.0101,0
7.85,0.0,0.5273,-0.0051,0
428.38,0.0,0.4182,0.9653,0
0.0,1.0,0.7091,0.019,0
116.46,0.0,0.8545,-0.0147,0
43.45,0.0,0.5909,0.1705,0
781.58,0.0,0.2909,-0.0069,0
43.45,0.0,0.2455,0.969,0
7.85,4.0,0.4455,0.0397,0
116.46,2.0,0.6727,0.8879,1
670.31,2.0,0.1182,0.9548,0
116.46,0.0,1.0364,0.052,0
116.46,0.0,0.5,0.9653,0
197.79,0.0,0.8273,-0.007,0
0.0,0.0,1.0455,0.0564,0
465.05,2.0,0.7364,0.0412,0
14.77,0.0,0.3455,0.1087,0
1399.01,2.0,0.3545,0.8925,0
664.48,0.0,0.1909,-0.021,0
465.05,2.0,0.7909,0.9497,0
1239.14,0.0,0.1,0.9666,0
116.46,0.0,0.1273,-0.0162,0
670.31,0.0,0.5273,0.0889,0
428.38,0.0,0.6818,0.967,0
0.0,0.0,0.7091,-0.0282,0
22.3,2.0,0.3545,-0.0033,0
404.4,0.0,0.4273,0.0528,0
116.46,2.0,0.3,0.0946,0
14.77,0.0,1.0545,0.0435,0
7.85,0.0,0.3545,-0.0139,0
197.79,0.0,0.9545,0.9358,0
22.3,1.0,0.6091,-0.0196,0
116.46,0.0,0.6273,0.003,0
670.31,0.0,0.3909,0.0064,0
428.38,1.0,0.3636,-0.0038,0
1239.14,0.0,1.0636,-0.0415,0
781.58,3.0,0.2909,-0.0054,0
14.77,3.0,0.1727,0.0462,0
116.46,3.0,0.6273,-0.0356,0
664.48,3.0,0.8727,-0.0083,0
197.79,0.0,1.1636,0.0361,0
7.85,0.0,1.0091,0.9395,0
7.85,0.0,0.2818,-0.0017,0
404.4,0.0,0.9545,0.9644,0
274.95,3.0,0.3455,-0.0018,0
664.48,0.0,1.0182,0.9685,0
404.4,0.0,1.0182,0.0197,0
664.48,2.0,0.2455,0.9712,0
1239.14,0.0,0.1455,-0.0353,0
664.48,4.0,0.2364,0.1627,0
22.3,0.0,0.2455,0.0367,0
465.05,0.0,0.3636,-0.0208,0
274.95,0.0,1.0455,0.0049,0
1399.01,4.0,0.9091,-0.0368,0
274.95,0.0,0.1091,0.1666,0
14.77,2.0,0.5545,0.9532,1
465.05,0.0,0.6818,0.0528,0
7.85,1.0,0.0727,0.0929,0
0.0,0.0,0.1909,0.0101,0
116.46,4.0,0.6091,0.9355,1
465.05,0.0,1.2,0.0594,0
664.48,4.0,0.3364,0.0009,0
197.79,0.0,0.5091,-0.0107,0
207.6,2.0,0.5444,0.0409,0
60.77,0.0,0.1667,0.0925,0
0.0,0.0,0.1833,-0.0062,0
92.2,0.0,0.0444,-0.0164,0
309.08,0.0,0.4,0.012,0
400.97,0.0,0.2889,-0.0511,0
403.4,0.0,0.1111,0.0137,0
405.05,2.0,0.25,0.0814,0
405.05,2.0,0.3833,-0.0036,0
0.0,3.0,0.0611,0.0135,0
595.1,0.0,0.2944,0.0931,0
60.77,1.0,0.4,0.964,1
207.6,0.0,0.1667,0.007,0
92.2,0.0,0.1833,0.0835,0
765.29,0.0,0.4556,0.1678,0
0.0,0.0,0.0611,0.9432,0
403.4,0.0,0.2833,0.0911,0
60.77,0.0,0.0556,0.004,0
427.19,4.0,0.4167,0.0991,0
400.97,2.0,0.4667,0.0139,0
595.1,0.0,0.2278,-0.0064,0
405.05,2.0,0.5056,0.9511,0
207.6,0.0,0.4167,-0.0064,0
0.0,0.0,0.45,0.9109,0
81.44,1.0,0.6556,0.0428,0
92.2,4.0,0.4667,0.0134,0
400.97,0.0,0.1056,0.0174,0
0.0,0.0,0.35,0.0193,0
1293.74,0.0,0.55,-0.0024,0
405.05,2.0,0.2556,0.0044,0
60.77,0.0,0.25,-0.0081,0
1750.85,0.0,0.0611,-0.009,0
1293.74,0.0,0.0444,-0.0131,0
388.67,0.0,0.3167,0.0144,0
405.05,0.0,0.0611,0.0087,0
81.44,0.0,0.15,0.0134,0
774.43,1.0,0.2667,-0.0049,0
1293.74,1.0,0.1056,-0.0171,0
0.0,2.0,0.0944,0.0078,0
0.0,4.0,0.2,0.9674,1
81.44,2.0,0.5889,0.0606,0
92.2,0.0,0.3389,0.0156,0
405.05,0.0,0.4944,-0.0147,0
427.19,0.0,0.1667,0.0018,0
309.08,0.0,0.1056,0.1699,0
1293.74,0.0,0.2111,-0.005,0
388.67,0.0,0.5833,0.011,0
60.77,0.0,0.1889,0.0177,0
309.08,0.0,0.2222,0.962,0
207.6,0.0,0.5778,0.9404,0
403.4,2.0,0.1833,0.0377,0
405.05,1.0,0.2278,0.0157,0
595.1,0.0,0.1222,0.9474,0
405.05,0.0,0.4889,-0.0087,0
405.05,0.0,0.5944,-0.0084,0
309.08,1.0,0.4889,-0.01,0
81.44,0.0,0.2333,0.0168,0
774.43,0.0,0.5778,0.9435,0
405.05,0.0,0.1,0.0194,0
774.43,0.0,0.4278,0.947,0
403.4,2.0,0.1056,0.0106,0
60.77,0.0,0.0667,0.014,0
0.0,4.0,0.5611,0.007,0
388.67,2.0,0.2944,0.013,0
207.6,0.0,0.1111,-0.0106,0
1293.74,3.0,0.2333,0.0961,0
60.77,0.0,0.5222,0.0809,0
774.43,0.0,0.5778,-0.0064,0
765.29,0.0,0.2111,0.0808,0
81.44,3.0,0.0667,0.0086,0
207.6,0.0,0.3222,0.0022,0
92.2,1.0,0.1333,0.0642,0
0.0,1.0,0.3111,-0.0097,0
81.44,1.0,0.1722,-0.0073,0
405.05,0.0,0.0333,0.0124,0
0.0,0.0,0.4611,0.0087,0
92.2,1.0,0.4,0.0196,0
309.08,0.0,0.65,-0.0512,0
1293.74,0.0,0.3167,0.0059,0
0.0,0.0,0.3722,-0.0064,0
0.0,0.0,0.0444,0.0286,0
0.0,0.0,0.0556,-0.0191,0
388.67,2.0,0.5,0.9451,0
388.67,0.0,0.2056,-0.0047,0
595.1,0.0,0.2556,0.0965,0
0.0,0.0,0.1333,0.0209,0
427.19,2.0,0.4,0.08,0
1750.85,0.0,0.1111,-0.0038,0
403.4,1.0,0.3667,0.9089,0
1750.85,0.0,0.0667,0.9679,0
595.1,1.0,0.6667,0.0098,0
0.0,0.0,0.1111,0.0102,0
0.0,0.0,0.4444,0.0791,0
427.19,0.0,0.3,0.9433,0
0.0,0.0,0.0889,0.0148,0
60.77,0.0,0.4,-0.0053,0
403.4,1.0,0.1278,0.1025,0
309.08,0.0,0.5444,0.0077,0
1750.85,1.0,0.6167,0.9199,0
388.67,2.0,0.0889,0.1671,0
309.08,0.0,0.0833,0.0981,0
92.2,2.0,0.1222,0.0871,0
309.08,0.0,0.0944,-0.0127,0
403.4,0.0,0.5167,0.0197,0
309.08,0.0,0.0611,0.005,0
0.0,0.0,0.0389,0.9724,0
81.44,1.0,0.3222,0.0174,0
0.0,0.0,0.4056,0.9686,0
81.44,3.0,0.3667,0.9627,1
309.08,0.0,0.1389,0.0606,0
403.4,0.0,0.3167,-0.0099,0
405.05,0.0,0.2056,0.0142,0
405.05,0.0,0.4389,-0.0158,0
388.67,0.0,0.5778,0.0018,0
60.77,0.0,0.1389,-0.0092,0
309.08,0.0,0.4611,0.0244,0
0.0,0.0,0.6111,0.0148,0
309.08,0.0,0.2389,0.0026,0
595.1,0.0,0.2278,0.9534,0
0.0,2.0,0.0944,0.9681,1
92.2,1.0,0.0611,0.0636,0
207.6,3.0,0.1778,0.001,0
1750.85,3.0,0.2722,0.0128,0
1750.85,3.0,0.3833,-0.0127,0
1293.74,1.0,0.1222,0.9634,0
427.19,0.0,0.2667,-0.0066,0
403.4,3.0,0.5556,0.9649,0
0.0,0.0,0.3778,-0.0087,0
427.19,1.0,0.3222,0.056,0
92.2,0.0,0.2556,0.9653,0
403.4,0.0,0.4333,0.019,0
309.08,2.0,0.5222,-0.0582,0
400.97,3.0,0.3611,0.1705,0
1293.74,1.0,0.1778,-0.0069,0
400.97,3.0,0.15,0.969,0
427.19,0.0,0.2722,0.9525,0
309.08,0.0,0.4111,0.0841,0
81.44,0.0,0.0722,-0.0052,0
309.08,1.0,0.6333,0.9701,0
309.08,1.0,0.3056,0.9653,0
207.6,1.0,0.5056,-0.007,0
403.4,3.0,0.6389,0.9718,0
60.77,0.0,0.45,0.9511,0
388.67,1.0,0.2111,0.1087,0
774.43,0.0,0.2167,0.0847,0
0.0,3.0,0.1167,0.0965,0
60.77,0.0,0.4833,-0.0108,0
1750.85,0.0,0.0611,0.9666,0
309.08,0.0,0.0778,-0.0523,0
81.44,1.0,0.3222,0.0889,0
92.2,0.0,0.4167,0.967,0
403.4,0.0,0.4333,0.091,0
405.05,1.0,0.2167,0.0484,0
0.0,0.0,0.2611,0.9469,1
309.08,0.0,0.1833,0.0946,0
388.67,1.0,0.6444,0.9545,0
427.19,0.0,0.2167,0.0139,0
207.6,2.0,0.5833,0.0113,0
405.05,0.0,0.3722,-0.0535,0
309.08,2.0,0.3833,-0.0131,0
81.44,4.0,0.2389,-0.0127,0
92.2,0.0,0.2222,-0.0171,0
1750.85,0.0,0.65,0.011,0
1293.74,0.0,0.1778,0.0329,0
388.67,0.0,0.1056,0.9481,0
309.08,0.0,0.3833,0.0018,0
0.0,0.0,0.5333,-0.0083,0
207.6,2.0,0.7111,0.941,0
427.19,2.0,0.6167,0.014,0
427.19,2.0,0.1722,0.0651,0
0.0,2.0,0.5833,0.9644,1
765.29,0.0,0.2111,0.0555,0
0.0,1.0,0.6222,0.9685,1
0.0,1.0,0.6222,0.0197,0
0.0,0.0,0.15,0.9712,0
1750.85,2.0,0.0889,-0.0025,0
0.0,0.0,0.1444,0.1627,0
405.05,1.0,0.15,0.0211,0
60.77,2.0,0.2222,0.0959,0
765.29,1.0,0.6389,0.0049,0
774.43,0.0,0.5556,0.0082,0
765.29,3.0,0.0667,0.1666,0
388.67,0.0,0.3389,-0.0054,0
60.77,1.0,0.4167,0.9469,1
427.19,0.0,0.0444,0.0929,0
595.1,3.0,0.1167,-0.0056,0
309.08,0.0,0.3722,0.0125,0
60.77,1.0,0.7333,0.9695,1
0.0,0.0,0.2056,0.0415,0
207.6,0.0,0.3111,0.0373,0
105.25,0.0,2.5789,-0.0227,0
360.93,0.0,0.7895,-0.0105,0
568.92,2.0,0.8684,0.0103,0
319.49,1.0,0.2105,0.966,0
0.0,2.0,1.8947,0.975,0
34.74,1.0,1.3684,-0.049,0
0.0,1.0,0.5263,-0.0016,0
19.7,0.0,1.1842,-0.0239,0
19.7,0.0,1.8158,-0.0447,0
568.92,0.0,0.2895,-0.0108,0
196.6,2.0,1.3947,-0.0181,0
360.93,0.0,1.8947,-0.0191,0
105.25,1.0,0.7895,0.9753,1
319.49,1.0,0.8684,-0.0473,0
426.52,0.0,2.1579,-0.0276,0
568.92,1.0,0.2895,0.0537,0
0.0,1.0,1.3421,-0.0334,0
360.93,0.0,0.2632,-0.0232,0
23.88,0.0,1.9737,-0.0218,0
34.74,0.0,2.2105,0.9758,0
196.6,0.0,1.0789,0.0082,0
19.7,0.0,2.3947,0.0235,0
105.25,0.0,1.9737,-0.0445,0
568.92,4.0,2.1316,0.0316,0
566.68,0.0,3.1053,-0.0219,0
319.49,0.0,2.2105,-0.0368,0
34.74,4.0,0.5,0.9766,1
309.44,3.0,1.6579,-0.02,0
956.7,1.0,2.6053,-0.0099,0
19.7,0.0,1.2105,-0.0281,0
360.93,2.0,1.1842,0.0044,0
1417.09,3.0,0.2895,-0.0425,0
956.7,2.0,0.2105,-0.056,0
7.33,2.0,1.5,0.976,0
19.7,3.0,0.2895,0.0027,0
566.68,2.0,0.7105,-0.0368,0
1321.24,0.0,1.2632,-0.0257,0
956.7,0.0,0.5,-0.0301,0
568.92,0.0,0.4474,0.9756,0
309.44,0.0,0.9474,0.0021,0
566.68,0.0,2.7895,-0.0045,0
319.49,2.0,1.6053,0.9764,0
19.7,1.0,2.3421,0.0036,0
23.88,4.0,0.7895,-0.0308,0
0.0,2.0,0.5,-0.0199,0
956.7,0.0,1.0,-0.0484,0
7.33,0.0,2.7632,-0.0044,0
360.93,4.0,0.8947,-0.0091,0
0.0,0.0,1.0526,-0.0215,0
105.25,1.0,2.7368,0.0554,0
0.0,0.0,0.8684,-0.0177,0
19.7,0.0,1.0789,-0.0083,0
196.6,0.0,0.5789,0.0101,0
19.7,3.0,2.3158,0.9589,0
19.7,2.0,2.8158,-0.0553,0
0.0,0.0,2.3158,-0.0484,0
566.68,0.0,1.1053,-0.0129,0
1321.24,3.0,2.7368,0.0169,0
19.7,0.0,0.4737,-0.0168,0
1321.24,3.0,2.0263,0.0471,0
0.0,0.0,0.5,-0.0212,0
360.93,0.0,0.3158,-0.0336,0
568.92,0.0,2.6579,-0.0105,0
7.33,0.0,1.3947,0.0012,0
105.25,2.0,0.5263,0.9588,1
956.7,0.0,1.1053,0.0003,0
360.93,0.0,2.4737,-0.0468,0
1321.24,1.0,2.7368,0.0082,0
426.52,1.0,1.0,-0.0395,0
566.68,0.0,0.3158,0.0028,0
105.25,1.0,1.5263,-0.0222,0
319.49,0.0,0.6316,-0.0072,0
309.44,0.0,1.4737,-0.0481,0
566.68,0.0,0.8158,0.958,0
19.7,2.0,0.1579,-0.0117,0
309.44,2.0,2.1842,0.0027,0
319.49,0.0,1.8947,0.9765,0
0.0,2.0,3.0789,-0.0482,0
956.7,1.0,1.5,-0.0309,0
568.92,2.0,1.7632,0.0124,0
568.92,2.0,0.2105,0.0234,0
568.92,0.0,0.2632,-0.0313,0
7.33,0.0,2.3684,0.0495,0
7.33,1.0,0.9737,-0.0554,0
196.6,0.0,1.2105,-0.0159,0
568.92,1.0,0.6316,-0.0412,0
23.88,0.0,1.8947,-0.0387,0
1417.09,1.0,0.5263,-0.0476,0
0.0,0.0,1.7368,0.0275,0
1417.09,0.0,0.3158,0.0076,0
196.6,0.0,3.1579,-0.0075,0
309.44,1.0,0.5263,0.0047,0
309.44,4.0,2.1053,-0.0395,0
23.88,1.0,1.4211,0.019,0
568.92,1.0,0.4211,-0.0005,0
360.93,2.0,1.8947,0.0065,0
0.0,0.0,0.6053,-0.0207,0
0.0,3.0,2.5789,-0.0242,0
1417.09,0.0,2.9211,0.0227,0
7.33,0.0,0.4211,-0.0234,0
0.0,1.0,0.3947,-0.0186,0
319.49,0.0,0.5789,-0.0026,0
0.0,0.0,0.4474,0.959,0
0.0,0.0,2.4474,0.9768,0
0.0,1.0,0.2895,-0.0347,0
568.92,0.0,0.1842,-0.0189,0
566.68,0.0,1.5263,0.9766,0
309.44,0.0,1.9211,-0.0081,0
566.68,0.0,1.7368,-0.0264,0
0.0,0.0,0.6579,-0.0045,0
0.0,0.0,1.5,-0.0607,0
19.7,1.0,0.9737,-0.0316,0
19.7,1.0,2.0789,0.9641,0
7.33,2.0,2.7368,-0.0255,0
360.93,1.0,0.6579,-0.052,0
0.0,1.0,2.1842,0.0288,0
568.92,1.0,2.8947,0.0339,0
0.0,1.0,1.1316,-0.0225,0
196.6,1.0,1.0789,0.0207,0
309.44,0.0,0.4474,0.0037,0
319.49,0.0,0.2895,-0.0028,0
105.25,0.0,0.8421,-0.0213,0
1417.09,0.0,1.2895,-0.0052,0
1417.09,0.0,1.8158,0.9673,0
956.7,0.0,0.5789,0.0049,0
23.88,3.0,1.2632,0.9592,0
0.0,0.0,2.6316,-0.0179,0
309.44,0.0,1.7895,0.9589,0
23.88,0.0,1.5263,-0.0232,0
319.49,0.0,1.2105,0.0009,0
0.0,0.0,2.0526,0.9769,0
0.0,0.0,2.4737,-0.053,0
34.74,0.0,1.7105,-0.028,0
956.7,0.0,0.8421,-0.0565,0
34.74,0.0,0.7105,-0.0025,0
23.88,2.0,1.2895,0.0141,0
0.0,3.0,1.9474,-0.0402,0
566.68,0.0,0.3421,0.0089,0
0.0,0.0,3.0,-0.0127,0
0.0,0.0,1.4474,-0.0183,0
105.25,0.0,2.3947,-0.0527,0
0.0,0.0,3.0263,-0.0111,0
360.93,0.0,2.1316,0.0235,0
7.33,0.0,1.0,-0.0208,0
1321.24,0.0,1.0263,-0.0374,0
568.92,0.0,0.5526,-0.009,0
360.93,2.0,2.2895,0.0145,0
1417.09,0.0,0.2895,0.0068,0
0.0,1.0,0.3684,-0.0537,0
566.68,0.0,1.5263,-0.0236,0
319.49,2.0,1.9737,-0.0056,0
0.0,0.0,2.0526,-0.006,0
19.7,0.0,1.0263,-0.0248,0
309.44,0.0,1.2368,0.0173,0
0.0,1.0,0.8684,-0.0248,0
7.33,0.0,3.0526,0.0131,0
23.88,1.0,1.0263,-0.0125,0
105.25,0.0,2.7632,-0.0016,0
19.7,0.0,1.7632,-0.046,0
0.0,0.0,1.8158,0.9655,0
566.68,0.0,1.1316,0.959,0
319.49,0.0,1.0526,-0.0312,0
1417.09,0.0,3.0789,-0.0306,0
956.7,3.0,0.8421,-0.0184,0
7.33,3.0,0.5,0.0407,0
0.0,1.0,1.8158,-0.0308,0
568.92,3.0,2.5263,-0.0533,0
105.25,0.0,3.3684,0.0115,0
23.88,0.0,2.9211,0.0059,0
23.88,0.0,0.8158,-0.0094,0
309.44,0.0,2.7632,-0.0169,0
426.52,4.0,1.0,-0.0304,0
568.92,0.0,2.9474,-0.0025,0
309.44,0.0,2.9474,0.9768,0
568.92,4.0,0.7105,0.0039,0
1417.09,0.0,0.4211,-0.0379,0
568.92,3.0,0.6842,-0.0237,0
19.7,0.0,0.7105,0.0338,0
360.93,0.0,1.0526,-0.0021,0
426.52,0.0,3.0263,-0.0044,0
1321.24,2.0,2.6316,-0.0312,0
426.52,0.0,0.3158,-0.0233,0
7.33,4.0,1.6053,0.0037,0
360.93,0.0,1.9737,0.0173,0
23.88,0.0,0.2105,-0.0208,0
196.6,0.0,0.5526,0.9603,0
0.0,3.0,1.7632,-0.0004,0
360.93,0.0,3.4737,-0.009,0
568.92,4.0,0.9737,-0.0198,0
105.25,0.0,1.4737,-0.0209,0
197.79,2.0,1.1136,1.0,0
465.05,0.0,0.3409,1.0,0
664.48,2.0,0.375,1.0,0
428.38,3.0,0.0909,1.0,0
116.46,0.0,0.8182,1.0,0
43.45,1.0,0.5909,1.0,1
0.0,1.0,0.2273,1.0,1
22.3,0.0,0.5114,1.0,0
22.3,0.0,0.7841,1.0,0
664.48,0.0,0.125,1.0,0
0.0,3.0,0.6023,1.0,1
465.05,0.0,0.8182,1.0,0
197.79,0.0,0.3409,1.0,0
428.38,1.0,0.375,1.0,0
274.95,0.0,0.9318,1.0,0
664.48,2.0,0.125,1.0,0
0.0,0.0,0.5795,1.0,0
465.05,1.0,0.1136,1.0,0
7.85,0.0,0.8523,1.0,0
43.45,0.0,0.9545,1.0,0
0.0,3.0,0.4659,1.0,1
22.3,0.0,1.0341,1.0,0
197.79,0.0,0.8523,1.0,0
664.48,1.0,0.9205,1.0,0
670.31,1.0,1.3409,1.0,0
428.38,0.0,0.9545,1.0,0
43.45,1.0,0.2159,1.0,1
404.4,0.0,0.7159,1.0,0
781.58,0.0,1.125,1.0,0
22.3,0.0,0.5227,1.0,1
465.05,2.0,0.5114,1.0,0
1239.14,3.0,0.125,1.0,0
781.58,2.0,0.0909,1.0,0
14.77,2.0,0.6477,1.0,1
22.3,3.0,0.125,1.0,1
670.31,2.0,0.3068,1.0,0
1399.01,0.0,0.5455,1.0,0
781.58,0.0,0.2159,1.0,0
664.48,0.0,0.1932,1.0,0
404.4,0.0,0.4091,1.0,0
670.31,1.0,1.2045,1.0,0
428.38,3.0,0.6932,1.0,0
22.3,3.0,1.0114,1.0,0
7.85,2.0,0.3409,1.0,1
116.46,2.0,0.2159,1.0,1
781.58,1.0,0.4318,1.0,0
14.77,0.0,1.1932,1.0,0
465.05,2.0,0.3864,1.0,0
116.46,0.0,0.4545,1.0,0
197.79,0.0,1.1818,1.0,0
0.0,0.0,0.375,1.0,0
22.3,0.0,0.4659,1.0,0
0.0,0.0,0.25,1.0,0
22.3,2.0,1.0,1.0,1
22.3,3.0,1.2159,1.0,0
116.46,2.0,1.0,1.0,1
670.31,2.0,0.4773,1.0,0
1399.01,2.0,1.1818,1.0,0
22.3,1.0,0.2045,1.0,1
1399.01,0.0,0.875,1.0,0
0.0,0.0,0.2159,1.0,1
465.05,1.0,0.1364,1.0,0
664.48,0.0,1.1477,1.0,0
14.77,0.0,0.6023,1.0,0
197.79,2.0,0.2273,1.0,0
781.58,1.0,0.4773,1.0,0
465.05,1.0,1.0682,1.0,0
1399.01,4.0,1.1818,1.0,0
274.95,1.0,0.4318,1.0,0
670.31,0.0,0.1364,1.0,0
197.79,1.0,0.6591,1.0,0
428.38,0.0,0.2727,1.0,0
404.4,0.0,0.6364,1.0,0
670.31,1.0,0.3523,1.0,0
22.3,0.0,0.0682,1.0,1
404.4,0.0,0.9432,1.0,0
428.38,0.0,0.8182,1.0,0
116.46,2.0,1.3295,1.0,0
781.58,0.0,0.6477,1.0,0
664.48,3.0,0.7614,1.0,0
664.48,0.0,0.0909,1.0,0
664.48,0.0,0.1136,1.0,0
14.77,0.0,1.0227,1.0,0
14.77,1.0,0.4205,1.0,1
0.0,1.0,0.5227,1.0,1
664.48,1.0,0.2727,1.0,0
7.85,0.0,0.8182,1.0,0
1239.14,0.0,0.2273,1.0,0
0.0,0.0,0.75,1.0,0
1239.14,1.0,0.1364,1.0,0
0.0,0.0,1.3636,1.0,0
404.4,1.0,0.2273,1.0,0
404.4,3.0,0.9091,1.0,0
7.85,4.0,0.6136,1.0,1
664.48,1.0,0.1818,1.0,0
465.05,2.0,0.8182,1.0,0
0.0,2.0,0.2614,1.0,1
116.46,0.0,1.1136,1.0,0
1239.14,0.0,1.2614,1.0,0
14.77,0.0,0.1818,1.0,0
116.46,3.0,0.1705,1.0,1
428.38,0.0,0.25,1.0,0
116.46,1.0,0.1932,1.0,1
0.0,1.0,1.0568,1.0,0
116.46,1.0,0.125,1.0,1
664.48,1.0,0.0795,1.0,0
670.31,0.0,0.6591,1.0,0
404.4,1.0,0.8295,1.0,0
670.31,0.0,0.75,1.0,0
116.46,0.0,0.2841,1.0,0
0.0,0.0,0.6477,1.0,0
22.3,1.0,0.4205,1.0,1
22.3,1.0,0.8977,1.0,1
14.77,0.0,1.1818,1.0,0
465.05,3.0,0.2841,1.0,0
116.46,0.0,0.9432,1.0,0
664.48,0.0,1.25,1.0,0
116.46,0.0,0.4886,1.0,0
0.0,1.0,0.4659,1.0,1
404.4,0.0,0.1932,1.0,0
428.38,0.0,0.125,1.0,0
197.79,1.0,0.3636,1.0,0
1239.14,0.0,0.5568,1.0,0
1239.14,0.0,0.7841,1.0,0
781.58,0.0,0.25,1.0,0
7.85,3.0,0.5455,1.0,1
0.0,0.0,1.1364,1.0,0
404.4,0.0,0.7727,1.0,0
7.85,0.0,0.6591,1.0,0
428.38,0.0,0.5227,1.0,0
0.0,1.0,0.8864,1.0,1
116.46,0.0,1.0682,1.0,0
43.45,0.0,0.7386,1.0,0
781.58,0.0,0.3636,1.0,0
43.45,0.0,0.3068,1.0,0
7.85,4.0,0.5568,1.0,1
116.46,1.0,0.8409,1.0,1
670.31,2.0,0.1477,1.0,0
116.46,0.0,1.2955,1.0,0
116.46,0.0,0.625,1.0,0
197.79,0.0,1.0341,1.0,0
0.0,0.0,1.3068,1.0,0
465.05,2.0,0.9205,1.0,0
14.77,0.0,0.4318,1.0,1
1399.01,3.0,0.4432,1.0,0
664.48,0.0,0.2386,1.0,0
465.05,2.0,0.9886,1.0,0
1239.14,0.0,0.125,1.0,0
116.46,0.0,0.1591,1.0,0
670.31,0.0,0.6591,1.0,0
428.38,0.0,0.8523,1.0,0
0.0,0.0,0.8864,1.0,0
22.3,3.0,0.4432,1.0,1
404.4,1.0,0.5341,1.0,0
116.46,2.0,0.375,1.0,1
14.77,0.0,1.3182,1.0,0
7.85,0.0,0.4432,1.0,0
197.79,0.0,1.1932,1.0,0
22.3,1.0,0.7614,1.0,1
116.46,0.0,0.7841,1.0,0
670.31,0.0,0.4886,1.0,0
428.38,2.0,0.4545,1.0,0
1239.14,0.0,1.3295,1.0,0
781.58,3.0,0.3636,1.0,0
14.77,3.0,0.2159,1.0,1
116.46,3.0,0.7841,1.0,1
664.48,2.0,1.0909,1.0,0
197.79,0.0,1.4545,1.0,0
7.85,0.0,1.2614,1.0,0
7.85,0.0,0.3523,1.0,0
404.4,1.0,1.1932,1.0,0
274.95,2.0,0.4318,1.0,0
664.48,0.0,1.2727,1.0,0
404.4,0.0,1.2727,1.0,0
664.48,1.0,0.3068,1.0,0
1239.14,1.0,0.1818,1.0,0
664.48,4.0,0.2955,1.0,0
22.3,0.0,0.3068,1.0,1
465.05,1.0,0.4545,1.0,0
274.95,0.0,1.3068,1.0,0
1399.01,4.0,1.1364,1.0,0
274.95,0.0,0.1364,1.0,0
14.77,1.0,0.6932,1.0,1
465.05,0.0,0.8523,1.0,0
7.85,1.0,0.0909,1.0,1
0.0,0.0,0.2386,1.0,0
116.46,4.0,0.7614,1.0,1
465.05,0.0,1.5,1.0,0
664.48,4.0,0.4205,1.0,0
197.79,0.0,0.6364,1.0,0
17.53,4.0,0.6203,0.0454,0
80.11,0.0,0.1899,0.0203,0
260.28,0.0,0.2089,0.007,0
92.42,3.0,0.0506,-0.0082,0
59.28,0.0,0.4557,0.0169,0
43.19,1.0,0.3291,-0.0189,0
0.0,1.0,0.1266,-0.0189,0
22.3,1.0,0.2848,0.0814,0
22.3,0.0,0.4367,0.9638,0
260.28,1.0,0.0696,0.9683,0
196.59,3.0,0.3354,0.0931,0
80.11,0.0,0.4557,0.964,0
17.53,0.0,0.1899,0.007,0
92.42,1.0,0.2089,-0.0044,0
426.51,0.0,0.519,0.1678,0
260.28,2.0,0.0696,0.0516,0
0.0,0.0,0.3228,0.0911,0
80.11,1.0,0.0633,0.9688,1
23.87,0.0,0.4747,0.0991,0
43.19,0.0,0.5316,0.0139,0
196.59,3.0,0.2595,0.0041,0
22.3,0.0,0.5759,0.0412,0
17.53,0.0,0.4747,0.9591,0
260.28,0.0,0.5127,0.9109,0
269.53,2.0,0.7468,0.0332,0
92.42,2.0,0.5316,0.9624,1
43.19,0.0,0.1203,0.0174,0
0.0,0.0,0.3987,0.9685,0
956.68,0.0,0.6266,0.9602,0
22.3,2.0,0.2911,-0.0217,0
80.11,2.0,0.2848,0.0048,0
1417.06,2.0,0.0696,0.9619,0
956.68,2.0,0.0506,0.9673,0
0.21,1.0,0.3608,0.0232,0
22.3,2.0,0.0696,-0.0171,0
269.53,2.0,0.1709,0.9624,0
1017.39,0.0,0.3038,0.9687,0
956.68,0.0,0.1203,0.9776,0
260.28,0.0,0.1076,0.0215,0
0.0,0.0,0.2278,0.9674,1
269.53,3.0,0.6709,0.0124,0
92.42,3.0,0.3861,0.0211,0
22.3,3.0,0.5633,-0.0034,0
23.87,0.0,0.1899,0.9506,1
59.28,1.0,0.1203,0.1699,0
956.68,1.0,0.2405,0.9662,0
0.21,0.0,0.6646,0.96,0
80.11,0.0,0.2152,0.9631,1
59.28,0.0,0.2532,0.962,0
17.53,0.0,0.6582,0.0502,0
0.0,0.0,0.2089,0.0468,0
22.3,0.0,0.2595,0.9607,1
196.59,0.0,0.1392,0.047,0
22.3,0.0,0.557,0.0251,0
22.3,3.0,0.6772,0.9689,1
59.28,3.0,0.557,0.9558,1
269.53,2.0,0.2658,0.9699,0
1017.39,0.0,0.6582,0.0504,0
22.3,1.0,0.1139,0.9712,1
1017.39,0.0,0.4873,0.0437,0
0.0,2.0,0.1203,0.9691,1
80.11,1.0,0.0759,0.9618,1
260.28,0.0,0.6392,0.9576,0
0.21,0.0,0.3354,-0.0186,0
17.53,1.0,0.1266,0.0201,0
956.68,3.0,0.2658,0.0128,0
80.11,1.0,0.5949,-0.002,0
1017.39,4.0,0.6582,0.0041,0
426.51,0.0,0.2405,-0.0056,0
269.53,2.0,0.0759,-0.024,0
17.53,1.0,0.3671,0.9714,1
92.42,1.0,0.1519,0.0091,0
0.0,0.0,0.3544,0.9544,0
269.53,2.0,0.1962,0.0197,0
22.3,0.0,0.038,0.9665,0
0.0,0.0,0.5253,-0.0171,0
92.42,0.0,0.4557,0.0196,0
59.28,2.0,0.7405,-0.018,0
956.68,0.0,0.3608,0.968,0
260.28,3.0,0.4241,0.0042,0
260.28,0.0,0.0506,0.06,0
260.28,0.0,0.0633,0.9766,0
0.21,1.0,0.5696,0.0456,0
0.21,1.0,0.2342,0.9666,1
196.59,1.0,0.2911,0.0965,0
260.28,1.0,0.1519,0.9588,0
23.87,0.0,0.4557,-0.005,0
1417.06,0.0,0.1266,0.9621,0
0.0,0.0,0.4177,0.9089,0
1417.06,1.0,0.0759,0.9679,0
196.59,0.0,0.7595,0.9677,0
0.0,1.0,0.1266,-0.0214,0
0.0,1.0,0.5063,-0.0048,0
23.87,4.0,0.3418,0.0464,0
260.28,0.0,0.1013,-0.0172,0
80.11,0.0,0.4557,0.0019,0
0.0,3.0,0.1456,0.1025,0
59.28,0.0,0.6203,-0.0253,0
1417.06,1.0,0.7025,0.9199,0
0.21,0.0,0.1013,0.1671,0
59.28,3.0,0.0949,0.0981,0
92.42,0.0,0.1392,0.0182,0
59.28,1.0,0.1076,0.022,0
0.0,1.0,0.5886,0.0247,0
59.28,1.0,0.0696,0.9554,1
260.28,1.0,0.0443,0.0544,0
269.53,0.0,0.3671,0.0174,0
0.0,1.0,0.462,0.0624,0
269.53,2.0,0.4177,0.9627,0
59.28,0.0,0.1582,0.0124,0
0.0,0.0,0.3608,0.9704,0
22.3,1.0,0.2342,0.9614,1
22.3,1.0,0.5,-0.0049,0
0.21,0.0,0.6582,0.9647,0
80.11,3.0,0.1582,0.9689,1
59.28,0.0,0.5253,0.0586,0
260.28,0.0,0.6962,0.0614,0
59.28,0.0,0.2722,0.9691,0
196.59,0.0,0.2595,0.0465,0
0.0,1.0,0.1076,0.9681,1
92.42,0.0,0.0696,0.0069,0
17.53,3.0,0.2025,0.9691,1
1417.06,1.0,0.3101,0.9655,0
1417.06,0.0,0.4367,-0.0055,0
956.68,1.0,0.1392,0.9634,0
23.87,1.0,0.3038,0.0259,0
0.0,0.0,0.6329,0.9649,0
0.0,0.0,0.4304,0.0251,0
23.87,0.0,0.3671,0.0308,0
92.42,0.0,0.2911,0.9653,0
0.0,1.0,0.4937,0.0263,0
59.28,0.0,0.5949,-0.0103,0
43.19,1.0,0.4114,0.1705,0
956.68,1.0,0.2025,0.9673,0
43.19,0.0,0.1709,0.969,1
23.87,4.0,0.3101,0.0397,0
59.28,0.0,0.4684,-0.0042,0
269.53,2.0,0.0823,0.0065,0
59.28,0.0,0.7215,0.052,0
59.28,0.0,0.3481,0.9653,0
17.53,0.0,0.5759,0.9685,0
0.0,0.0,0.7278,0.0564,0
80.11,2.0,0.5127,0.0412,0
0.21,1.0,0.2405,0.1087,0
1017.39,3.0,0.2468,-0.0061,0
260.28,0.0,0.1329,0.0123,0
80.11,1.0,0.5506,0.0018,0
1417.06,0.0,0.0696,0.9666,0
59.28,0.0,0.0886,-0.0161,0
269.53,0.0,0.3671,0.0889,0
92.42,0.0,0.4747,0.967,0
0.0,0.0,0.4937,0.0128,0
22.3,4.0,0.2468,0.0282,0
0.0,1.0,0.2975,0.0528,0
59.28,2.0,0.2089,0.0946,0
0.21,0.0,0.7342,0.0435,0
23.87,0.0,0.2468,0.9682,0
17.53,0.0,0.6646,-0.0236,0
22.3,1.0,0.4241,-0.0153,0
59.28,0.0,0.4367,-0.0032,0
269.53,2.0,0.2722,0.022,0
92.42,2.0,0.2532,0.978,1
1417.06,0.0,0.7405,0.956,0
956.68,2.0,0.2025,0.0419,0
0.21,2.0,0.1203,0.044,0
59.28,3.0,0.4367,0.9506,1
260.28,0.0,0.6076,0.969,0
17.53,0.0,0.8101,0.0361,0
23.87,2.0,0.7025,-0.0226,0
23.87,0.0,0.1962,0.0158,0
0.0,3.0,0.6646,0.9644,1
426.51,0.0,0.2405,0.04,0
260.28,0.0,0.7089,0.9685,0
0.0,1.0,0.7089,0.0247,0
260.28,0.0,0.1709,0.9712,0
1417.06,3.0,0.1013,0.9507,0
260.28,3.0,0.1646,0.1627,0
22.3,1.0,0.1709,0.0585,0
80.11,3.0,0.2532,0.0133,0
426.51,1.0,0.7278,0.9549,0
1017.39,4.0,0.6329,0.9547,0
426.51,0.0,0.0759,0.1666,0
0.21,0.0,0.3861,0.0018,0
80.11,1.0,0.4747,0.0528,0
23.87,1.0,0.0506,0.0929,0
196.59,0.0,0.1329,0.0251,0
59.28,3.0,0.4241,-0.0203,0
80.11,0.0,0.8354,0.0594,0
260.28,2.0,0.2342,0.0355,0
17.53,0.0,0.3544,0.0412,0
24.13,0.0,0.7967,0.0454,0
71.54,0.0,0.2439,0.0203,0
0.0,2.0,0.2683,0.007,0
105.32,2.0,0.065,-0.0082,0
62.61,1.0,0.5854,0.0169,0
43.32,1.0,0.4228,-0.0195,0
0.0,1.0,0.1626,-0.0351,0
22.3,0.0,0.3659,-0.0473,0
22.3,0.0,0.561,0.9638,0
0.0,0.0,0.0894,0.0209,0
196.54,3.0,0.4309,-0.0266,0
71.54,0.0,0.5854,-0.0034,0
24.13,0.0,0.2439,0.0014,0
105.32,1.0,0.2683,-0.0104,0
426.48,0.0,0.6667,-0.0435,0
0.0,2.0,0.0894,-0.04,0
0.0,1.0,0.4146,-0.0443,0
71.54,0.0,0.0813,0.9688,0
23.87,0.0,0.6098,-0.0416,0
43.32,0.0,0.6829,0.0045,0
196.54,1.0,0.3333,0.0041,0
22.3,0.0,0.7398,-0.0136,0
24.13,0.0,0.6098,0.9591,0
0.0,3.0,0.6585,0.0541,0
81.51,0.0,0.9593,0.0332,0
105.32,0.0,0.6829,0.0186,0
43.32,3.0,0.1545,0.0056,0
13.57,2.0,0.5122,0.0279,0
956.57,1.0,0.8049,0.9602,0
22.3,0.0,0.374,-0.0217,0
71.54,2.0,0.3659,0.0048,0
1416.89,3.0,0.0894,0.9619,0
956.57,2.0,0.065,0.0153,0
0.7,2.0,0.4634,0.0232,0
22.3,3.0,0.0894,-0.0344,0
81.51,2.0,0.2195,0.0186,0
775.0,0.0,0.3902,0.9687,0
956.57,0.0,0.1545,0.9776,0
0.0,0.0,0.1382,0.0215,0
13.57,0.0,0.2927,-0.0197,0
81.51,0.0,0.8618,0.0124,0
105.32,3.0,0.4959,0.0211,0
22.3,2.0,0.7236,-0.0034,0
23.87,4.0,0.2439,0.0442,0
62.61,2.0,0.1545,-0.0456,0
956.57,1.0,0.3089,0.9662,0
0.7,0.0,0.8537,0.96,0
71.54,4.0,0.2764,0.0251,0
62.61,0.0,0.3252,0.002,0
24.13,0.0,0.8455,-0.0339,0
0.0,0.0,0.2683,0.0468,0
22.3,0.0,0.3333,0.0297,0
196.54,0.0,0.1789,-0.0026,0
22.3,3.0,0.7154,0.0251,0
22.3,3.0,0.8699,0.0146,0
62.61,0.0,0.7154,0.9558,1
81.51,0.0,0.3415,0.0212,0
775.0,3.0,0.8455,0.0015,0
22.3,1.0,0.1463,0.0207,0
775.0,2.0,0.626,-0.0384,0
0.0,0.0,0.1545,0.9691,0
71.54,0.0,0.0976,0.017,0
0.0,0.0,0.8211,0.9576,0
0.7,0.0,0.4309,-0.0355,0
24.13,2.0,0.1626,0.0201,0
956.57,0.0,0.3415,0.0128,0
71.54,0.0,0.7642,-0.002,0
775.0,2.0,0.8455,0.0041,0
426.48,1.0,0.3089,-0.0125,0
81.51,0.0,0.0976,-0.0305,0
24.13,1.0,0.4715,0.9714,1
105.32,0.0,0.1951,0.0091,0
13.57,0.0,0.4553,0.9544,0
81.51,0.0,0.252,0.0197,0
22.3,2.0,0.0488,0.0324,0
13.57,2.0,0.6748,-0.0344,0
105.32,0.0,0.5854,0.01,0
62.61,2.0,0.9512,-0.0181,0
956.57,1.0,0.4634,0.968,0
0.0,3.0,0.5447,0.0042,0
0.0,1.0,0.065,-0.036,0
0.0,0.0,0.0813,0.9766,0
0.7,0.0,0.7317,-0.0439,0
0.7,1.0,0.3008,0.0186,0
196.54,0.0,0.374,-0.0148,0
0.0,1.0,0.1951,0.0191,0
23.87,0.0,0.5854,-0.0076,0
1416.89,0.0,0.1626,0.9621,0
0.0,0.0,0.5366,0.0532,0
1416.89,1.0,0.0976,0.0217,0
196.54,0.0,0.9756,0.0257,0
13.57,1.0,0.1626,-0.0289,0
13.57,4.0,0.6504,-0.0071,0
23.87,2.0,0.439,0.0031,0
0.0,1.0,0.1301,-0.0339,0
71.54,2.0,0.5854,0.0019,0
0.0,0.0,0.187,-0.0228,0
62.61,2.0,0.7967,-0.0253,0
1416.89,0.0,0.9024,0.0263,0
0.7,0.0,0.1301,-0.0439,0
62.61,2.0,0.122,-0.0346,0
105.32,0.0,0.1789,0.0182,0
62.61,0.0,0.1382,0.022,0
0.0,1.0,0.7561,0.0247,0
62.61,1.0,0.0894,0.0273,0
0.0,0.0,0.0569,-0.0147,0
81.51,0.0,0.4715,0.0056,0
13.57,0.0,0.5935,-0.0113,0
81.51,0.0,0.5366,0.0005,0
62.61,0.0,0.2033,0.0124,0
0.0,0.0,0.4634,0.0167,0
22.3,1.0,0.3008,0.0171,0
22.3,1.0,0.6423,-0.0049,0
0.7,2.0,0.8455,0.9647,1
71.54,2.0,0.2033,0.0221,0
62.61,0.0,0.6748,-0.031,0
0.0,0.0,0.8943,-0.0399,0
62.61,0.0,0.3496,0.9691,1
196.54,1.0,0.3333,-0.0124,0
13.57,0.0,0.1382,0.0178,0
105.32,0.0,0.0894,0.0069,0
24.13,0.0,0.2602,0.9691,0
1416.89,0.0,0.3984,0.0258,0
1416.89,0.0,0.561,-0.0055,0
956.57,0.0,0.1789,-0.01,0
23.87,3.0,0.3902,0.0259,0
0.0,0.0,0.813,-0.0014,0
13.57,0.0,0.5528,0.0251,0
23.87,0.0,0.4715,0.0308,0
105.32,0.0,0.374,-0.0157,0
0.0,0.0,0.6341,0.0263,0
62.61,0.0,0.7642,-0.0103,0
43.32,0.0,0.5285,-0.0415,0
956.57,0.0,0.2602,0.0152,0
43.32,0.0,0.2195,0.0152,0
23.87,3.0,0.3984,-0.0161,0
62.61,3.0,0.6016,-0.0042,0
81.51,1.0,0.1057,0.0065,0
62.61,0.0,0.9268,-0.0164,0
62.61,0.0,0.4472,0.0156,0
24.13,0.0,0.7398,0.0208,0
0.0,0.0,0.935,-0.0192,0
71.54,1.0,0.6585,-0.0136,0
0.7,0.0,0.3089,-0.0174,0
775.0,1.0,0.3171,-0.011,0
0.0,0.0,0.1707,0.0123,0
71.54,2.0,0.7073,0.0018,0
1416.89,0.0,0.0894,0.0158,0
62.61,1.0,0.1138,-0.018,0
81.51,0.0,0.4715,-0.0439,0
105.32,1.0,0.6098,0.0139,0
0.0,0.0,0.6341,0.0128,0
22.3,1.0,0.3171,0.0282,0
13.57,0.0,0.3821,-0.0017,0
62.61,2.0,0.2683,-0.0361,0
0.7,0.0,0.9431,-0.0171,0
23.87,1.0,0.3171,0.0198,0
24.13,0.0,0.8537,-0.0294,0
22.3,1.0,0.5447,-0.0207,0
62.61,0.0,0.561,-0.0032,0
81.51,0.0,0.3496,0.022,0
105.32,0.0,0.3252,0.978,1
1416.89,0.0,0.9512,0.0224,0
956.57,3.0,0.2602,0.0419,0
0.7,3.0,0.1545,-0.0414,0
62.61,2.0,0.561,0.0442,0
0.0,3.0,0.7805,0.0218,0
24.13,0.0,1.0407,-0.0013,0
23.87,0.0,0.9024,-0.0333,0
23.87,0.0,0.252,0.0158,0
13.57,0.0,0.8537,-0.0028,0
426.48,4.0,0.3089,0.04,0
0.0,0.0,0.9106,0.0151,0
13.57,0.0,0.9106,0.0247,0
0.0,3.0,0.2195,0.0149,0
1416.89,0.0,0.1301,0.037,0
0.0,4.0,0.2114,-0.0435,0
22.3,0.0,0.2195,-0.0305,0
71.54,0.0,0.3252,0.0133,0
426.48,0.0,0.935,0.9549,0
775.0,3.0,0.813,0.0246,0
426.48,0.0,0.0976,-0.0433,0
0.7,3.0,0.4959,0.0018,0
71.54,0.0,0.6098,-0.0017,0
23.87,0.0,0.065,-0.0416,0
196.54,0.0,0.1707,0.0251,0
62.61,4.0,0.5447,-0.0314,0
71.54,0.0,1.0732,-0.0049,0
0.0,4.0,0.3008,0.0355,0
24.13,0.0,0.4553,0.0412,0
17.53,0.0,0.5665,0.0015,0
80.11,1.0,0.1734,-0.0556,0
260.28,0.0,0.1908,-0.0682,0
92.42,0.0,0.0462,-0.0639,0
59.28,0.0,0.4162,-0.0298,0
43.19,0.0,0.3006,-0.0189,0
0.0,0.0,0.1156,-0.0403,0
22.3,0.0,0.2601,0.0143,0
22.3,2.0,0.3988,-0.0209,0
260.28,1.0,0.0636,0.9683,0
196.59,0.0,0.3064,0.013,0
80.11,1.0,0.4162,-0.0183,0
17.53,0.0,0.1734,-0.0164,0
92.42,0.0,0.1908,-0.0663,0
426.51,2.0,0.474,0.0104,0
260.28,0.0,0.0636,0.0109,0
0.0,0.0,0.2948,0.0162,0
80.11,0.0,0.0578,-0.0055,0
23.87,4.0,0.4335,0.0132,0
43.19,4.0,0.4855,-0.022,0
196.59,0.0,0.237,-0.0658,0
22.3,2.0,0.526,-0.0208,0
17.53,3.0,0.4335,-0.0194,0
260.28,0.0,0.4682,-0.0332,0
269.53,0.0,0.6821,0.0015,0
92.42,1.0,0.4855,0.9624,1
43.19,0.0,0.1098,-0.0162,0
0.0,0.0,0.3642,0.9685,0
956.68,0.0,0.5723,0.0008,0
22.3,0.0,0.2659,-0.0864,0
80.11,0.0,0.2601,-0.0646,0
1417.06,0.0,0.0636,-0.018,0
956.68,0.0,0.0462,0.9673,0
0.21,0.0,0.3295,-0.0283,0
22.3,0.0,0.0636,-0.0465,0
269.53,0.0,0.1561,0.9624,0
1017.39,1.0,0.2775,-0.0065,0
956.68,0.0,0.1098,-0.001,0
260.28,3.0,0.0983,-0.0298,0
0.0,3.0,0.2081,-0.0134,0
269.53,0.0,0.6127,0.001,0
92.42,0.0,0.3526,-0.0278,0
22.3,0.0,0.5145,-0.0607,0
23.87,0.0,0.1734,0.9506,0
59.28,0.0,0.1098,0.0092,0
956.68,0.0,0.2197,-0.0112,0
0.21,1.0,0.6069,0.0084,0
80.11,0.0,0.1965,0.9631,0
59.28,1.0,0.2312,-0.0182,0
17.53,0.0,0.6012,0.0068,0
0.0,2.0,0.1908,-0.0051,0
22.3,0.0,0.237,0.9607,1
196.59,0.0,0.1272,0.0162,0
22.3,0.0,0.5087,-0.0176,0
22.3,0.0,0.6185,0.9689,0
59.28,0.0,0.5087,-0.0246,0
269.53,0.0,0.2428,0.9699,0
1017.39,0.0,0.6012,0.0091,0
22.3,0.0,0.104,0.9712,0
1017.39,0.0,0.4451,0.013,0
0.0,0.0,0.1098,-0.0046,0
80.11,0.0,0.0694,0.9618,0
260.28,3.0,0.5838,0.0076,0
0.21,1.0,0.3064,-0.0398,0
17.53,0.0,0.1156,-0.0165,0
956.68,0.0,0.2428,-0.0556,0
80.11,0.0,0.5434,-0.0738,0
1017.39,0.0,0.6012,-0.0658,0
426.51,0.0,0.2197,-0.0661,0
269.53,0.0,0.0694,-0.0444,0
17.53,0.0,0.3353,-0.0058,0
92.42,0.0,0.1387,-0.0004,0
0.0,4.0,0.3237,-0.0262,0
269.53,0.0,0.1792,-0.0193,0
22.3,0.0,0.0347,0.9665,0
0.0,0.0,0.4798,-0.0465,0
92.42,1.0,0.4162,-0.0232,0
59.28,0.0,0.6763,-0.018,0
956.68,0.0,0.3295,-0.0013,0
260.28,0.0,0.3873,-0.067,0
260.28,0.0,0.0462,0.06,0
260.28,0.0,0.0578,-0.0006,0
0.21,0.0,0.5202,0.0169,0
0.21,0.0,0.2139,0.9666,0
196.59,0.0,0.2659,0.0069,0
260.28,0.0,0.1387,0.9588,0
23.87,2.0,0.4162,-0.0719,0
1417.06,0.0,0.1156,-0.0199,0
0.0,1.0,0.3815,-0.0307,0
1417.06,0.0,0.0694,0.0057,0
196.59,3.0,0.6936,0.9677,0
0.0,0.0,0.1156,-0.0456,0
0.0,0.0,0.4624,-0.0706,0
23.87,0.0,0.3121,0.0056,0
260.28,0.0,0.0925,-0.0399,0
80.11,0.0,0.4162,-0.0611,0
0.0,0.0,0.1329,0.0093,0
59.28,0.0,0.5665,-0.0783,0
1417.06,0.0,0.6416,-0.0174,0
0.21,3.0,0.0925,0.0136,0
59.28,0.0,0.0867,0.0097,0
92.42,2.0,0.1272,-0.056,0
59.28,0.0,0.0983,-0.0144,0
0.0,0.0,0.5376,-0.0327,0
59.28,0.0,0.0636,0.9554,0
260.28,0.0,0.0405,0.0145,0
269.53,1.0,0.3353,-0.0162,0
0.0,0.0,0.422,0.0101,0
269.53,0.0,0.3815,-0.0159,0
59.28,0.0,0.1445,0.001,0
0.0,0.0,0.3295,0.9704,0
22.3,0.0,0.2139,0.9614,0
22.3,0.0,0.4566,-0.0652,0
0.21,0.0,0.6012,-0.0046,0
80.11,0.0,0.1445,0.9689,0
59.28,0.0,0.4798,0.0586,0
260.28,0.0,0.6358,0.0614,0
59.28,0.0,0.2486,-0.0055,0
196.59,0.0,0.237,-0.0257,0
0.0,0.0,0.0983,0.0059,0
92.42,1.0,0.0636,0.0024,0
17.53,0.0,0.185,-0.0064,0
1417.06,1.0,0.2832,0.9655,0
1417.06,3.0,0.3988,-0.0632,0
956.68,0.0,0.1272,-0.0229,0
23.87,0.0,0.2775,-0.021,0
0.0,3.0,0.578,-0.0163,0
0.0,1.0,0.3931,-0.0176,0
23.87,1.0,0.3353,0.0006,0
92.42,2.0,0.2659,-0.0256,0
0.0,0.0,0.4509,-0.0341,0
59.28,3.0,0.5434,-0.0152,0
43.19,1.0,0.3757,0.0173,0
956.68,0.0,0.185,0.9673,0
43.19,2.0,0.1561,0.0079,0
23.87,0.0,0.2832,-0.0241,0
59.28,0.0,0.4277,-0.0697,0
269.53,0.0,0.0751,-0.0681,0
59.28,3.0,0.659,0.0094,0
59.28,1.0,0.3179,-0.0226,0
17.53,1.0,0.526,0.9685,1
0.0,3.0,0.6647,0.0107,0
80.11,0.0,0.4682,-0.0208,0
0.21,0.0,0.2197,0.0052,0
1017.39,0.0,0.2254,-0.0655,0
260.28,2.0,0.1214,-0.0538,0
80.11,0.0,0.5029,-0.0653,0
1417.06,0.0,0.0636,0.0038,0
59.28,0.0,0.0809,-0.0161,0
269.53,1.0,0.3353,0.0129,0
92.42,0.0,0.4335,0.008,0
0.0,0.0,0.4509,-0.0576,0
22.3,0.0,0.2254,0.0061,0
0.0,0.0,0.2717,0.0158,0
59.28,0.0,0.1908,0.0127,0
0.21,3.0,0.6705,-0.0213,0
23.87,0.0,0.2254,0.9682,0
17.53,2.0,0.6069,-0.043,0
22.3,0.0,0.3873,-0.0153,0
59.28,4.0,0.3988,-0.0684,0
269.53,1.0,0.2486,-0.0144,0
92.42,0.0,0.2312,-0.0023,0
1417.06,0.0,0.6763,0.956,0
956.68,0.0,0.185,-0.0028,0
0.21,0.0,0.1098,0.0174,0
59.28,0.0,0.3988,0.9506,0
260.28,0.0,0.5549,0.969,0
17.53,1.0,0.7399,0.0051,0
23.87,0.0,0.6416,-0.0364,0
23.87,2.0,0.1792,-0.0038,0
0.0,0.0,0.6069,-0.0206,0
426.51,0.0,0.2197,0.0015,0
260.28,0.0,0.6474,0.0066,0
0.0,0.0,0.6474,-0.0327,0
260.28,0.0,0.1561,0.0016,0
1417.06,0.0,0.0925,0.9507,0
260.28,0.0,0.1503,0.014,0
22.3,0.0,0.1561,0.0585,0
80.11,0.0,0.2312,-0.0531,0
426.51,0.0,0.6647,0.0069,0
1017.39,0.0,0.578,0.9547,0
426.51,4.0,0.0694,0.013,0
0.21,0.0,0.3526,-0.0601,0
80.11,0.0,0.4335,0.0158,0
23.87,0.0,0.0462,0.013,0
196.59,4.0,0.1214,-0.0185,0
59.28,0.0,0.3873,-0.0464,0
80.11,3.0,0.763,0.0064,0
260.28,0.0,0.2139,-0.0013,0
17.53,2.0,0.3237,-0.0019,0
207.6,0.0,0.8167,-0.0029,0
60.77,0.0,0.25,-0.0247,0
0.0,2.0,0.275,0.9546,1
92.2,1.0,0.0667,-0.0003,0
309.08,2.0,0.6,0.0061,0
400.97,1.0,0.4333,-0.0146,0
403.4,1.0,0.1667,0.938,0
405.05,0.0,0.375,0.0066,0
405.05,0.0,0.575,0.0175,0
0.0,0.0,0.0917,-0.0195,0
595.1,2.0,0.4417,-0.0155,0
60.77,0.0,0.6,-0.0379,0
207.6,1.0,0.25,-0.0255,0
92.2,1.0,0.275,0.8938,1
765.29,0.0,0.6833,-0.0158,0
0.0,1.0,0.0917,0.0473,0
403.4,1.0,0.425,0.0079,0
60.77,0.0,0.0833,-0.0119,0
427.19,0.0,0.625,0.0101,0
400.97,0.0,0.7,-0.0234,0
595.1,0.0,0.3417,0.9551,0
405.05,0.0,0.7583,0.0229,0
207.6,0.0,0.625,0.0183,0
0.0,4.0,0.675,0.0101,0
81.44,0.0,0.9833,-0.0036,0
92.2,0.0,0.7,-0.0598,0
400.97,4.0,0.1583,-0.022,0
0.0,3.0,0.525,-0.0283,0
1293.74,1.0,0.825,-0.0154,0
405.05,0.0,0.3833,0.971,0
60.77,2.0,0.375,0.954,1
1750.85,3.0,0.0917,0.0217,0
1293.74,2.0,0.0667,-0.0113,0
388.67,2.0,0.475,0.0055,0
405.05,3.0,0.0917,0.9359,0
81.44,2.0,0.225,-0.0598,0
774.43,0.0,0.4,-0.0125,0
1293.74,0.0,0.1583,-0.0058,0
0.0,0.0,0.1417,0.0037,0
0.0,0.0,0.3,-0.0175,0
81.44,0.0,0.8833,0.0066,0
92.2,2.0,0.5083,0.0037,0
405.05,1.0,0.7417,0.9526,0
427.19,4.0,0.25,-0.0356,0
309.08,2.0,0.1583,-0.0118,0
1293.74,0.0,0.3167,0.0205,0
388.67,0.0,0.875,-0.0187,0
60.77,4.0,0.2833,-0.0161,0
309.08,0.0,0.3333,-0.0326,0
207.6,1.0,0.8667,0.0483,0
403.4,0.0,0.275,0.004,0
405.05,0.0,0.3417,-0.0275,0
595.1,0.0,0.1833,0.0299,0
405.05,3.0,0.7333,0.0101,0
405.05,2.0,0.8917,-0.0159,0
309.08,0.0,0.7333,0.0187,0
81.44,0.0,0.35,-0.0287,0
774.43,3.0,0.8667,0.0304,0
405.05,0.0,0.15,-0.0248,0
774.43,3.0,0.6417,0.0455,0
403.4,0.0,0.1583,-0.0105,0
60.77,0.0,0.1,-0.0575,0
0.0,0.0,0.8417,-0.0189,0
388.67,0.0,0.4417,0.9379,0
207.6,2.0,0.1667,0.0095,0
1293.74,0.0,0.35,-0.0245,0
60.77,0.0,0.7833,0.8916,0
774.43,1.0,0.8667,0.9551,0
765.29,1.0,0.3167,0.8878,0
81.44,0.0,0.1,0.9361,0
207.6,1.0,0.4833,-0.0107,0
92.2,0.0,0.2,0.0022,0
0.0,0.0,0.4667,0.018,0
81.44,0.0,0.2583,0.0088,0
405.05,2.0,0.05,-0.027,0
0.0,2.0,0.6917,0.9359,1
92.2,0.0,0.6,-0.0218,0
309.08,2.0,0.975,-0.017,0
1293.74,1.0,0.475,-0.0134,0
0.0,2.0,0.5583,0.9514,1
0.0,2.0,0.0667,0.0325,0
0.0,0.0,0.0833,-0.0035,0
388.67,0.0,0.75,0.0443,0
388.67,1.0,0.3083,-0.013,0
595.1,0.0,0.3833,-0.013,0
0.0,1.0,0.2,-0.0588,0
427.19,0.0,0.6,0.8946,0
1750.85,1.0,0.1667,0.0212,0
403.4,0.0,0.55,0.0112,0
1750.85,0.0,0.1,-0.0179,0
595.1,0.0,1.0,-0.0267,0
0.0,1.0,0.1667,0.9391,1
0.0,4.0,0.6667,0.8946,1
427.19,1.0,0.45,0.0286,0
0.0,1.0,0.1333,0.9375,1
60.77,2.0,0.6,0.9531,1
403.4,0.0,0.1917,-0.0126,0
309.08,3.0,0.8167,0.9711,0
1750.85,0.0,0.925,0.0116,0
388.67,0.0,0.1333,-0.0121,0
309.08,1.0,0.125,0.0149,0
92.2,0.0,0.1833,-0.0227,0
309.08,0.0,0.1417,0.0064,0
403.4,0.0,0.775,0.0011,0
309.08,1.0,0.0917,-0.0413,0
0.0,0.0,0.0583,0.0276,0
81.44,0.0,0.4833,-0.022,0
0.0,0.0,0.6083,0.0329,0
81.44,0.0,0.55,-0.0373,0
309.08,0.0,0.2083,0.0066,0
403.4,0.0,0.475,-0.0127,0
405.05,1.0,0.3083,-0.0586,0
405.05,1.0,0.6583,0.0036,0
388.67,2.0,0.8667,-0.0103,0
60.77,1.0,0.2083,-0.0141,0
309.08,1.0,0.6917,0.0282,0
0.0,1.0,0.9167,0.0311,0
309.08,1.0,0.3583,-0.0145,0
595.1,1.0,0.3417,0.0264,0
0.0,0.0,0.1417,-0.018,0
92.2,0.0,0.0917,0.0013,0
207.6,0.0,0.2667,-0.0067,0
1750.85,0.0,0.4083,-0.0208,0
1750.85,0.0,0.575,0.0016,0
1293.74,0.0,0.1833,-0.0176,0
427.19,3.0,0.4,0.0092,0
403.4,0.0,0.8333,-0.0331,0
0.0,0.0,0.5667,0.0101,0
427.19,0.0,0.4833,-0.0051,0
92.2,0.0,0.3833,-0.0185,0
403.4,0.0,0.65,0.0004,0
309.08,0.0,0.7833,-0.0147,0
400.97,0.0,0.5417,-0.0123,0
1293.74,0.0,0.2667,-0.0094,0
400.97,0.0,0.225,-0.015,0
427.19,2.0,0.4083,0.0257,0
309.08,3.0,0.6167,0.8879,0
81.44,0.0,0.1083,0.9548,1
309.08,0.0,0.95,0.0276,0
309.08,0.0,0.4583,-0.0372,0
207.6,0.0,0.7583,-0.0144,0
403.4,0.0,0.9583,0.0263,0
60.77,0.0,0.675,0.0229,0
388.67,0.0,0.3167,-0.0085,0
774.43,0.0,0.325,0.8925,0
0.0,0.0,0.175,-0.021,0
60.77,2.0,0.725,0.9497,1
1750.85,0.0,0.0917,-0.0178,0
309.08,1.0,0.1167,-0.0162,0
81.44,0.0,0.4833,0.0109,0
92.2,2.0,0.625,-0.0158,0
403.4,0.0,0.65,-0.0282,0
405.05,0.0,0.325,-0.0033,0
0.0,0.0,0.3917,0.0291,0
309.08,1.0,0.275,0.0123,0
388.67,0.0,0.9667,0.0245,0
427.19,1.0,0.325,-0.0259,0
207.6,0.0,0.875,0.9358,0
405.05,0.0,0.5583,-0.0196,0
309.08,0.0,0.575,0.003,0
81.44,0.0,0.3583,0.0064,0
92.2,0.0,0.3333,-0.0038,0
1750.85,0.0,0.975,-0.0431,0
1293.74,3.0,0.2667,-0.0054,0
388.67,3.0,0.1583,0.0462,0
309.08,1.0,0.575,-0.0356,0
0.0,3.0,0.8,-0.0144,0
207.6,0.0,1.0667,0.026,0
427.19,0.0,0.925,0.9395,0
427.19,0.0,0.2583,-0.0017,0
0.0,0.0,0.875,-0.0375,0
765.29,4.0,0.3167,-0.0018,0
0.0,0.0,0.9333,-0.017,0
0.0,0.0,0.9333,0.0011,0
0.0,4.0,0.225,-0.0174,0
1750.85,0.0,0.1333,-0.0353,0
0.0,3.0,0.2167,-0.0146,0
405.05,0.0,0.225,0.0367,0
60.77,0.0,0.3333,-0.0208,0
765.29,0.0,0.9583,-0.0138,0
774.43,2.0,0.8333,-0.0368,0
765.29,0.0,0.1,-0.0159,0
388.67,4.0,0.5083,0.9532,0
60.77,0.0,0.625,0.0291,0
427.19,0.0,0.0667,0.0033,0
595.1,0.0,0.175,0.0101,0
309.08,3.0,0.5583,0.9355,0
60.77,0.0,1.1,0.0281,0
0.0,4.0,0.3083,0.0009,0
207.6,0.0,0.4667,-0.0107,0
197.79,4.0,0.6901,-0.1371,0
465.05,0.0,0.2113,-0.1247,0
664.48,0.0,0.2324,-0.0062,0
428.38,1.0,0.0563,-0.0164,0
116.46,0.0,0.507,0.012,0
43.45,0.0,0.3662,-0.1154,0
0.0,0.0,0.1408,-0.0189,0
22.3,2.0,0.3169,0.0814,0
22.3,0.0,0.4859,-0.0036,0
664.48,3.0,0.0775,-0.0127,0
0.0,0.0,0.3732,0.0931,0
465.05,0.0,0.507,0.964,0
197.79,0.0,0.2113,0.007,0
428.38,0.0,0.2324,-0.0044,0
274.95,0.0,0.5775,0.1678,0
664.48,0.0,0.0775,0.0516,0
0.0,0.0,0.3592,0.0911,0
465.05,1.0,0.0704,0.004,0
7.85,2.0,0.5282,0.0991,0
43.45,0.0,0.5915,0.0139,0
0.0,2.0,0.2887,-0.0064,0
22.3,1.0,0.6408,0.0412,0
197.79,0.0,0.5282,-0.0064,0
664.48,0.0,0.5704,0.9109,0
670.31,2.0,0.831,-0.1356,0
428.38,4.0,0.5915,-0.0225,0
43.45,0.0,0.1338,0.0174,0
404.4,0.0,0.4437,-0.0134,0
781.58,0.0,0.6972,-0.0024,0
22.3,2.0,0.3239,-0.0313,0
465.05,0.0,0.3169,-0.0081,0
1239.14,0.0,0.0775,-0.009,0
781.58,0.0,0.0563,-0.0131,0
14.77,0.0,0.4014,0.0144,0
22.3,0.0,0.0775,-0.0171,0
670.31,0.0,0.1901,-0.0225,0
1399.01,0.0,0.338,-0.0049,0
781.58,1.0,0.1338,-0.0171,0
664.48,0.0,0.1197,0.0078,0
404.4,3.0,0.2535,0.9674,0
670.31,3.0,0.7465,-0.1215,0
428.38,0.0,0.4296,0.0156,0
22.3,1.0,0.6268,-0.0147,0
7.85,0.0,0.2113,-0.0463,0
116.46,0.0,0.1338,0.1699,0
781.58,0.0,0.2676,-0.005,0
14.77,0.0,0.7394,0.011,0
465.05,0.0,0.2394,-0.0092,0
116.46,0.0,0.2817,0.962,0
197.79,0.0,0.7324,0.0502,0
0.0,0.0,0.2324,-0.1353,0
22.3,1.0,0.2887,-0.0147,0
0.0,0.0,0.1549,0.047,0
22.3,0.0,0.6197,-0.0087,0
22.3,0.0,0.7535,-0.0084,0
116.46,3.0,0.6197,-0.01,0
670.31,2.0,0.2958,-0.0193,0
1399.01,0.0,0.7324,0.0504,0
22.3,0.0,0.1268,-0.0158,0
1399.01,0.0,0.5423,0.0437,0
0.0,2.0,0.1338,0.0106,0
465.05,1.0,0.0845,-0.0236,0
664.48,3.0,0.7113,0.007,0
14.77,2.0,0.3732,-0.0186,0
197.79,0.0,0.1408,-0.0106,0
781.58,4.0,0.2958,-0.1212,0
465.05,1.0,0.662,-0.0055,0
1399.01,2.0,0.7324,-0.0064,0
274.95,0.0,0.2676,-0.0056,0
670.31,3.0,0.0845,-0.024,0
197.79,0.0,0.4085,0.0022,0
428.38,1.0,0.169,-0.1209,0
404.4,0.0,0.3944,-0.0097,0
670.31,2.0,0.2183,-0.0073,0
22.3,0.0,0.0423,-0.0142,0
404.4,0.0,0.5845,-0.0171,0
428.38,0.0,0.507,0.0196,0
116.46,0.0,0.8239,-0.1147,0
781.58,0.0,0.4014,0.0059,0
664.48,0.0,0.4718,-0.0064,0
664.48,0.0,0.0563,0.0286,0
664.48,0.0,0.0704,-0.0191,0
14.77,2.0,0.6338,0.0456,0
14.77,0.0,0.2606,-0.0047,0
0.0,1.0,0.3239,0.0965,0
664.48,0.0,0.169,-0.0289,0
7.85,1.0,0.507,-0.005,0
1239.14,0.0,0.1408,-0.0038,0
0.0,0.0,0.4648,0.9089,0
1239.14,0.0,0.0845,0.9679,0
0.0,0.0,0.8451,-0.0087,0
404.4,0.0,0.1408,-0.0214,0
404.4,0.0,0.5634,-0.0048,0
7.85,2.0,0.3803,0.0464,0
664.48,0.0,0.1127,-0.0172,0
465.05,0.0,0.507,-0.0053,0
0.0,3.0,0.162,0.1025,0
116.46,0.0,0.6901,-0.0298,0
1239.14,1.0,0.7817,0.9199,0
14.77,0.0,0.1127,0.1671,0
116.46,1.0,0.1056,0.0981,0
428.38,0.0,0.1549,-0.1197,0
116.46,1.0,0.1197,-0.0127,0
0.0,0.0,0.6549,0.0197,0
116.46,0.0,0.0775,-0.0492,0
664.48,1.0,0.0493,0.0544,0
670.31,1.0,0.4085,0.0174,0
404.4,1.0,0.5141,0.0624,0
670.31,3.0,0.4648,0.9627,0
116.46,0.0,0.1761,-0.1215,0
0.0,0.0,0.4014,-0.0099,0
22.3,0.0,0.2606,-0.0203,0
22.3,0.0,0.5563,-0.0158,0
14.77,0.0,0.7324,0.0018,0
465.05,1.0,0.1761,-0.0092,0
116.46,0.0,0.5845,0.0244,0
664.48,0.0,0.7746,0.0148,0
116.46,0.0,0.3028,0.0026,0
0.0,0.0,0.2887,0.0465,0
404.4,2.0,0.1197,0.9681,0
428.38,1.0,0.0775,-0.1178,0
197.79,4.0,0.2254,0.001,0
1239.14,3.0,0.3451,-0.015,0
1239.14,2.0,0.4859,-0.0127,0
781.58,1.0,0.1549,0.9634,0
7.85,0.0,0.338,-0.0066,0
0.0,1.0,0.7042,0.9649,1
404.4,0.0,0.4789,-0.0087,0
7.85,0.0,0.4085,-0.1342,0
428.38,0.0,0.3239,0.9653,0
0.0,1.0,0.5493,0.019,0
116.46,0.0,0.662,-0.1123,0
43.45,3.0,0.4577,0.1705,0
781.58,1.0,0.2254,-0.0069,0
43.45,3.0,0.1901,0.969,1
7.85,1.0,0.3451,0.0397,0
116.46,0.0,0.5211,-0.0087,0
670.31,1.0,0.0915,-0.0052,0
116.46,0.0,0.8028,0.052,0
116.46,1.0,0.3873,0.9653,1
197.79,0.0,0.6408,-0.007,0
0.0,2.0,0.8099,0.0564,0
465.05,1.0,0.5704,0.0412,0
14.77,1.0,0.2676,0.1087,0
1399.01,2.0,0.2746,-0.0061,0
664.48,3.0,0.1479,-0.1226,0
465.05,0.0,0.6127,-0.0108,0
1239.14,0.0,0.0775,0.9666,0
116.46,0.0,0.0986,-0.1144,0
670.31,0.0,0.4085,0.0889,0
428.38,0.0,0.5282,0.967,0
0.0,0.0,0.5493,-0.1225,0
22.3,3.0,0.2746,-0.1411,0
404.4,1.0,0.331,0.0528,0
116.46,0.0,0.2324,0.0946,0
14.77,0.0,0.8169,0.0435,0
7.85,0.0,0.2746,-0.0139,0
197.79,2.0,0.7394,-0.0236,0
22.3,0.0,0.4718,-0.1109,0
116.46,0.0,0.4859,-0.0131,0
670.31,4.0,0.3028,-0.0127,0
428.38,2.0,0.2817,-0.0171,0
1239.14,0.0,0.8239,-0.0415,0
781.58,0.0,0.2254,-0.1289,0
14.77,0.0,0.1338,0.044,0
116.46,1.0,0.4859,-0.0463,0
664.48,0.0,0.6761,-0.0083,0
197.79,2.0,0.9014,0.0361,0
7.85,2.0,0.7817,-0.0226,0
7.85,0.0,0.2183,-0.1236,0
404.4,3.0,0.7394,0.9644,0
274.95,0.0,0.2676,-0.1279,0
664.48,1.0,0.7887,0.9685,0
404.4,1.0,0.7887,0.0197,0
664.48,0.0,0.1901,0.9712,0
1239.14,3.0,0.1127,-0.043,0
664.48,0.0,0.1831,0.1627,0
22.3,1.0,0.1901,0.0211,0
465.05,3.0,0.2817,-0.126,0
274.95,1.0,0.8099,0.0049,0
1399.01,1.0,0.7042,-0.0495,0
274.95,1.0,0.0845,0.1666,0
14.77,0.0,0.4296,-0.0054,0
465.05,1.0,0.5282,0.0528,0
7.85,1.0,0.0563,0.0929,0
0.0,1.0,0.1479,-0.0056,0
116.46,0.0,0.4718,-0.0203,0
465.05,0.0,0.9296,0.0594,0
664.48,0.0,0.2606,-0.1338,0
197.79,0.0,0.3944,-0.133,0
1128.75,4.0,4.2609,0.0454,0
1376.28,0.0,1.3043,0.0203,0
1525.99,0.0,1.4348,0.0103,0
1356.23,3.0,0.3478,0.966,0
1074.46,0.0,3.1304,0.975,0
990.33,1.0,2.2609,-0.0195,0
958.92,0.0,0.8696,-0.0016,0
972.31,2.0,1.9565,0.0814,0
972.31,0.0,3.0,0.9638,0
1525.99,2.0,0.4783,0.0209,0
782.62,2.0,2.3043,0.0931,0
1376.28,0.0,3.1304,0.964,0
1128.75,0.0,1.3043,0.9753,0
1356.23,1.0,1.4348,-0.0044,0
536.09,0.0,3.5652,0.1678,0
1525.99,2.0,0.4783,0.0537,0
958.92,0.0,2.2174,0.0911,0
1376.28,1.0,0.4348,0.9688,0
941.53,0.0,3.2609,0.0991,0
990.33,0.0,3.6522,0.9758,0
782.62,3.0,1.7826,0.0082,0
972.31,0.0,3.9565,0.0412,0
1128.75,0.0,3.2609,0.9591,0
1525.99,0.0,3.5217,0.9109,0
1562.12,2.0,5.1304,0.0332,0
1356.23,3.0,3.6522,0.0186,0
990.33,0.0,0.8261,0.9766,0
1299.14,0.0,2.7391,0.0279,0
0.0,0.0,4.3043,0.9602,0
972.31,2.0,2.0,-0.0217,0
1376.28,1.0,1.9565,0.0048,0
0.0,1.0,0.4783,0.9619,1
0.0,1.0,0.3478,0.0153,0
970.58,0.0,2.4783,0.976,0
972.31,1.0,0.4783,0.0027,0
1562.12,1.0,1.1739,0.0186,0
2097.49,0.0,2.087,0.9687,0
0.0,1.0,0.8261,0.9776,1
1525.99,0.0,0.7391,0.9756,0
1299.14,1.0,1.5652,0.9674,0
1562.12,3.0,4.6087,0.0124,0
1356.23,2.0,2.6522,0.9764,0
972.31,3.0,3.8696,0.0036,0
941.53,0.0,1.3043,0.0442,0
1074.46,0.0,0.8261,0.1699,0
0.0,1.0,1.6522,0.9662,0
970.58,0.0,4.5652,0.96,0
1376.28,0.0,1.4783,0.0251,0
1074.46,0.0,1.7391,0.962,0
1128.75,0.0,4.5217,0.0554,0
958.92,0.0,1.4348,0.0468,0
972.31,1.0,1.7826,0.0297,0
782.62,0.0,0.9565,0.047,0
972.31,0.0,3.8261,0.9589,0
972.31,2.0,4.6522,0.0146,0
1074.46,3.0,3.8261,0.9558,0
1562.12,2.0,1.8261,0.0212,0
2097.49,0.0,4.5217,0.0504,0
972.31,1.0,0.7826,0.0207,0
2097.49,0.0,3.3478,0.0471,0
958.92,2.0,0.8261,0.9691,0
1376.28,1.0,0.5217,0.017,0
1525.99,1.0,4.3913,0.9576,0
970.58,1.0,2.3043,0.0012,0
1128.75,0.0,0.8696,0.9588,0
0.0,4.0,1.8261,0.0128,0
1376.28,1.0,4.087,-0.002,0
2097.49,4.0,4.5217,0.0082,0
536.09,0.0,1.6522,-0.0056,0
1562.12,3.0,0.5217,0.0028,0
1128.75,1.0,2.5217,0.9714,0
1356.23,1.0,1.0435,0.0091,0
1299.14,0.0,2.4348,0.9544,0
1562.12,2.0,1.3478,0.958,0
972.31,0.0,0.2609,0.0324,0
1299.14,0.0,3.6087,0.0027,0
1356.23,0.0,3.1304,0.9765,0
1074.46,1.0,5.087,-0.0181,0
0.0,0.0,2.4783,0.968,0
1525.99,2.0,2.913,0.0124,0
1525.99,0.0,0.3478,0.0286,0
1525.99,0.0,0.4348,0.9766,0
970.58,2.0,3.913,0.0495,0
970.58,1.0,1.6087,0.0186,0
782.62,1.0,2.0,0.0965,0
1525.99,1.0,1.0435,0.0191,0
941.53,0.0,3.1304,-0.005,0
0.0,0.0,0.8696,0.9621,0
958.92,0.0,2.8696,0.9089,0
0.0,1.0,0.5217,0.9679,1
782.62,0.0,5.2174,0.0257,0
1299.14,0.0,0.8696,0.0047,0
1299.14,0.0,3.4783,-0.0048,0
941.53,4.0,2.3478,0.0464,0
1525.99,0.0,0.6957,-0.0005,0
1376.28,0.0,3.1304,0.0065,0
958.92,3.0,1.0,0.1025,0
1074.46,0.0,4.2609,-0.0242,0
0.0,1.0,4.8261,0.9199,0
970.58,0.0,0.6957,0.1671,0
1074.46,3.0,0.6522,0.0981,0
1356.23,0.0,0.9565,0.0182,0
1074.46,1.0,0.7391,0.959,0
958.92,1.0,4.0435,0.9768,0
1074.46,0.0,0.4783,0.0273,0
1525.99,1.0,0.3043,0.0544,0
1562.12,0.0,2.5217,0.9766,0
1299.14,1.0,3.1739,0.0624,0
1562.12,3.0,2.8696,0.9627,0
1074.46,0.0,1.087,0.0124,0
958.92,0.0,2.4783,0.0167,0
972.31,0.0,1.6087,0.0171,0
972.31,0.0,3.4348,0.9641,0
970.58,0.0,4.5217,0.9647,0
1376.28,3.0,1.087,0.0221,0
1074.46,0.0,3.6087,0.0288,0
1525.99,0.0,4.7826,0.0339,0
1074.46,0.0,1.8696,0.9691,0
782.62,0.0,1.7826,0.0465,0
1299.14,2.0,0.7391,0.9681,0
1356.23,0.0,0.4783,0.0069,0
1128.75,4.0,1.3913,0.9691,0
0.0,2.0,2.1304,0.0258,0
0.0,0.0,3.0,0.9673,0
0.0,1.0,0.9565,0.9634,1
941.53,0.0,2.087,0.9592,0
958.92,0.0,4.3478,0.9649,0
1299.14,0.0,2.9565,0.9589,0
941.53,0.0,2.5217,0.0308,0
1356.23,0.0,2.0,0.9653,0
958.92,1.0,3.3913,0.9769,0
1074.46,0.0,4.087,-0.0103,0
990.33,2.0,2.8261,0.1705,0
0.0,1.0,1.3913,0.0152,0
990.33,1.0,1.1739,0.969,0
941.53,3.0,2.1304,0.0397,0
1074.46,0.0,3.2174,-0.0042,0
1562.12,2.0,0.5652,0.0089,0
1074.46,0.0,4.9565,0.052,0
1074.46,0.0,2.3913,0.9653,0
1128.75,0.0,3.9565,0.0208,0
958.92,0.0,5.0,0.0564,0
1376.28,2.0,3.5217,0.0412,0
970.58,1.0,1.6522,0.1087,0
2097.49,3.0,1.6957,-0.0061,0
1525.99,1.0,0.913,0.0123,0
1376.28,0.0,3.7826,0.0145,0
0.0,0.0,0.4783,0.9666,0
1074.46,0.0,0.6087,-0.018,0
1562.12,0.0,2.5217,0.0889,0
1356.23,0.0,3.2609,0.967,0
958.92,0.0,3.3913,0.0128,0
972.31,4.0,1.6957,0.0282,0
1299.14,1.0,2.0435,0.0528,0
1074.46,2.0,1.4348,0.0946,0
970.58,0.0,5.0435,0.0435,0
941.53,0.0,1.6957,0.0198,0
1128.75,0.0,4.5652,-0.0016,0
972.31,1.0,2.913,-0.0207,0
1074.46,0.0,3.0,0.9655,0
1562.12,3.0,1.8696,0.959,0
1356.23,2.0,1.7391,0.978,0
0.0,0.0,5.087,0.0224,0
0.0,1.0,1.3913,0.0419,0
970.58,1.0,0.8261,0.044,0
1074.46,3.0,3.0,0.0442,0
1525.99,0.0,4.1739,0.0218,0
1128.75,1.0,5.5652,0.0361,0
941.53,2.0,4.8261,0.0059,0
941.53,0.0,1.3478,0.0158,0
1299.14,3.0,4.5652,0.9644,0
536.09,0.0,1.6522,0.04,0
1525.99,1.0,4.8696,0.9685,0
1299.14,1.0,4.8696,0.9768,0
1525.99,0.0,1.1739,0.9712,0
0.0,3.0,0.6957,0.037,0
1525.99,2.0,1.1304,0.1627,0
972.31,1.0,1.1739,0.0338,0
1376.28,3.0,1.7391,0.0133,0
536.09,1.0,5.0,0.9549,0
2097.49,3.0,4.3478,0.0246,0
536.09,0.0,0.5217,0.1666,0
970.58,0.0,2.6522,0.0037,0
1376.28,1.0,3.2609,0.0528,0
941.53,1.0,0.3478,0.0929,0
782.62,0.0,0.913,0.9603,0
1074.46,2.0,2.913,-0.0004,0
1376.28,0.0,5.7391,0.0594,0
1525.99,1.0,1.6087,0.0355,0
1128.75,0.0,2.4348,0.0412,0
466.7,2.0,0.6125,0.9351,0
204.96,0.0,0.1875,0.9026,0
0.0,0.0,0.2062,0.0169,0
250.3,0.0,0.05,0.966,0
564.86,0.0,0.45,0.975,0
659.22,0.0,0.325,0.9469,0
662.08,0.0,0.125,-0.0016,0
664.08,2.0,0.2812,0.0543,0
664.08,2.0,0.4313,-0.0224,0
0.0,3.0,0.0688,-0.0108,0
851.48,0.0,0.3312,0.1547,0
204.96,1.0,0.45,-0.0191,0
466.7,0.0,0.1875,0.9753,0
250.3,0.0,0.2062,-0.0226,0
1000.89,0.0,0.5125,0.0437,0
0.0,0.0,0.0688,0.0989,0
662.08,0.0,0.3187,0.0475,0
204.96,0.0,0.0625,0.0194,0
685.89,4.0,0.4688,0.0512,0
659.22,2.0,0.525,0.9758,0
851.48,0.0,0.2562,0.0213,0
664.08,2.0,0.5687,0.074,0
466.7,0.0,0.4688,-0.0183,0
0.0,0.0,0.5062,0.0316,0
0.0,1.0,0.7375,0.9397,1
250.3,4.0,0.525,0.0022,0
659.22,0.0,0.1187,0.9766,0
259.49,0.0,0.3937,-0.0099,0
1517.51,0.0,0.6188,-0.0099,0
664.08,2.0,0.2875,-0.0232,0
204.96,0.0,0.2812,0.0203,0
1968.0,0.0,0.0688,-0.018,0
1517.51,0.0,0.05,-0.0056,0
647.38,0.0,0.3563,0.976,0
664.08,0.0,0.0688,0.0027,0
0.0,0.0,0.1688,0.0022,0
773.63,1.0,0.3,0.0233,0
1517.51,1.0,0.1187,0.0126,0
0.0,2.0,0.1062,0.9756,1
259.49,4.0,0.225,0.0021,0
0.0,2.0,0.6625,0.9561,1
250.3,0.0,0.3812,0.9764,0
664.08,0.0,0.5563,0.0221,0
685.89,0.0,0.1875,-0.0075,0
564.86,0.0,0.1187,0.0373,0
1517.51,0.0,0.2375,-0.0134,0
647.38,0.0,0.6562,-0.0044,0
204.96,0.0,0.2125,-0.0091,0
564.86,0.0,0.25,-0.0215,0
466.7,0.0,0.65,0.0957,0
662.08,2.0,0.2062,0.9393,0
664.08,1.0,0.2562,-0.0083,0
851.48,0.0,0.1375,0.0548,0
664.08,0.0,0.55,0.9589,0
664.08,0.0,0.6687,-0.0033,0
564.86,1.0,0.55,-0.0236,0
0.0,0.0,0.2625,-0.0095,0
773.63,0.0,0.65,0.0535,0
664.08,0.0,0.1125,-0.0098,0
773.63,0.0,0.4813,0.0998,0
662.08,2.0,0.1187,0.0198,0
204.96,0.0,0.075,0.0111,0
0.0,4.0,0.6312,-0.0105,0
647.38,2.0,0.3312,0.0012,0
466.7,0.0,0.125,0.9588,0
1517.51,3.0,0.2625,0.8927,0
204.96,0.0,0.5875,-0.0271,0
773.63,0.0,0.65,0.0213,0
1000.89,0.0,0.2375,-0.0325,0
0.0,3.0,0.075,0.0028,0
466.7,0.0,0.3625,0.0208,0
250.3,1.0,0.15,0.9539,0
259.49,1.0,0.35,-0.0257,0
0.0,1.0,0.1938,0.958,1
664.08,0.0,0.0375,-0.0117,0
259.49,0.0,0.5188,0.0027,0
250.3,1.0,0.45,0.9765,0
564.86,0.0,0.7312,0.9493,0
1517.51,0.0,0.3563,0.0261,0
0.0,0.0,0.4188,0.0191,0
0.0,0.0,0.05,0.1175,0
0.0,0.0,0.0625,0.0131,0
647.38,2.0,0.5625,0.1,0
647.38,0.0,0.2313,-0.0082,0
851.48,0.0,0.2875,0.1515,0
0.0,0.0,0.15,0.0163,0
685.89,2.0,0.45,-0.0271,0
1968.0,0.0,0.125,-0.016,0
662.08,1.0,0.4125,0.0275,0
1968.0,0.0,0.075,0.0076,0
851.48,1.0,0.75,-0.0075,0
259.49,0.0,0.125,0.0047,0
259.49,0.0,0.5,-0.0239,0
685.89,0.0,0.3375,0.0505,0
0.0,0.0,0.1,-0.0005,0
204.96,0.0,0.45,0.0227,0
662.08,1.0,0.1437,0.149,0
564.86,0.0,0.6125,-0.0242,0
1968.0,1.0,0.6937,0.0227,0
647.38,2.0,0.1,0.0424,0
564.86,0.0,0.0938,0.0507,0
250.3,2.0,0.1375,0.8955,0
564.86,0.0,0.1062,0.959,0
662.08,0.0,0.5813,0.9768,0
564.86,0.0,0.0688,-0.0022,0
0.0,0.0,0.0437,0.046,0
0.0,1.0,0.3625,0.9766,1
259.49,0.0,0.4562,0.0454,0
0.0,3.0,0.4125,-0.0264,0
564.86,0.0,0.1562,0.9561,0
662.08,0.0,0.3563,-0.0091,0
664.08,0.0,0.2313,0.0101,0
664.08,0.0,0.4938,0.9641,0
647.38,0.0,0.65,0.0266,0
204.96,0.0,0.1562,-0.0069,0
564.86,0.0,0.5188,0.1183,0
0.0,0.0,0.6875,0.1203,0
564.86,0.0,0.2687,0.0246,0
851.48,0.0,0.2562,0.0739,0
259.49,2.0,0.1062,0.0037,0
250.3,1.0,0.0688,0.9568,0
466.7,3.0,0.2,0.0226,0
1968.0,3.0,0.3063,-0.0052,0
1968.0,3.0,0.4313,0.9673,0
1517.51,1.0,0.1375,0.0049,0
685.89,0.0,0.3,0.9592,0
662.08,3.0,0.625,-0.0179,0
259.49,0.0,0.425,0.9589,0
685.89,1.0,0.3625,0.9423,0
250.3,0.0,0.2875,0.0009,0
662.08,0.0,0.4875,0.9769,0
564.86,2.0,0.5875,0.9504,0
659.22,3.0,0.4062,0.0385,0
1517.51,1.0,0.2,-0.0101,0
659.22,3.0,0.1688,-0.0025,0
685.89,0.0,0.3063,0.0788,0
564.86,0.0,0.4625,-0.0268,0
0.0,0.0,0.0813,0.0178,0
564.86,1.0,0.7125,0.0498,0
564.86,1.0,0.3438,-0.0183,0
466.7,1.0,0.5687,-0.0097,0
662.08,3.0,0.7188,0.0368,0
204.96,0.0,0.5062,0.074,0
647.38,1.0,0.2375,0.1485,0
773.63,0.0,0.2437,-0.0302,0
0.0,3.0,0.1313,0.8869,1
204.96,0.0,0.5437,0.0213,0
1968.0,0.0,0.0688,0.0068,0
564.86,0.0,0.0875,0.9487,0
0.0,1.0,0.3625,0.0537,0
250.3,0.0,0.4688,-0.0056,0
662.08,0.0,0.4875,0.8965,0
664.08,1.0,0.2437,0.9392,0
259.49,0.0,0.2938,0.0526,0
564.86,0.0,0.2062,0.053,0
647.38,1.0,0.725,0.0827,0
685.89,0.0,0.2437,-0.0125,0
466.7,2.0,0.6562,-0.0016,0
664.08,0.0,0.4188,0.9479,0
564.86,2.0,0.4313,0.9655,0
0.0,4.0,0.2687,0.959,1
250.3,0.0,0.25,0.0152,0
1968.0,0.0,0.7312,-0.0048,0
1517.51,0.0,0.2,0.9397,0
647.38,0.0,0.1187,0.0983,0
564.86,0.0,0.4313,-0.0075,0
0.0,0.0,0.6,-0.0107,0
466.7,2.0,0.8,0.0528,0
685.89,2.0,0.6937,0.0059,0
685.89,2.0,0.1938,0.9526,0
259.49,2.0,0.6562,-0.0169,0
1000.89,0.0,0.2375,0.9411,0
0.0,1.0,0.7,-0.0025,0
259.49,1.0,0.7,0.9768,0
0.0,0.0,0.1688,0.0039,0
1968.0,2.0,0.1,-0.0129,0
0.0,0.0,0.1625,0.0453,0
664.08,1.0,0.1688,0.1152,0
204.96,2.0,0.25,0.8991,0
1000.89,1.0,0.7188,-0.0044,0
773.63,0.0,0.625,-0.0007,0
1000.89,3.0,0.075,0.0397,0
647.38,0.0,0.3812,0.0254,0
204.96,1.0,0.4688,0.0526,0
685.89,0.0,0.05,0.0483,0
851.48,3.0,0.1313,0.9603,0
564.86,0.0,0.4188,-0.0004,0
204.96,1.0,0.825,0.0372,0
0.0,0.0,0.2313,0.9341,0
466.7,0.0,0.35,0.9414,0
17.53,4.0,0.649,1.0,1
80.11,0.0,0.1987,1.0,0
260.28,0.0,0.2185,1.0,0
92.42,3.0,0.053,1.0,1
59.28,0.0,0.4768,1.0,0
43.19,1.0,0.3444,1.0,1
0.0,0.0,0.1325,1.0,1
22.3,2.0,0.298,1.0,1
22.3,0.0,0.457,1.0,0
260.28,2.0,0.0728,1.0,0
196.59,2.0,0.351,1.0,0
80.11,0.0,0.4768,1.0,0
17.53,0.0,0.1987,1.0,0
92.42,1.0,0.2185,1.0,1
426.51,0.0,0.543,1.0,0
260.28,2.0,0.0728,1.0,0
0.0,0.0,0.3377,1.0,0
80.11,1.0,0.0662,1.0,1
23.87,0.0,0.4967,1.0,1
43.19,0.0,0.5563,1.0,0
196.59,3.0,0.2715,1.0,0
22.3,0.0,0.6026,1.0,0
17.53,0.0,0.4967,1.0,0
260.28,0.0,0.5364,1.0,0
269.53,2.0,0.7815,1.0,0
92.42,3.0,0.5563,1.0,1
43.19,0.0,0.1258,1.0,0
0.0,0.0,0.4172,1.0,0
956.68,0.0,0.6556,1.0,0
22.3,2.0,0.3046,1.0,1
80.11,1.0,0.298,1.0,1
1417.06,1.0,0.0728,1.0,0
956.68,1.0,0.053,1.0,0
0.21,0.0,0.3775,1.0,1
22.3,1.0,0.0728,1.0,1
269.53,1.0,0.1788,1.0,0
1017.39,0.0,0.3179,1.0,0
956.68,1.0,0.1258,1.0,0
260.28,0.0,0.1126,1.0,0
0.0,1.0,0.2384,1.0,1
269.53,3.0,0.702,1.0,0
92.42,2.0,0.404,1.0,1
22.3,3.0,0.5894,1.0,1
23.87,0.0,0.1987,1.0,0
59.28,0.0,0.1258,1.0,1
956.68,1.0,0.2517,1.0,0
0.21,0.0,0.6954,1.0,0
80.11,0.0,0.2252,1.0,0
59.28,0.0,0.2649,1.0,0
17.53,0.0,0.6887,1.0,0
0.0,0.0,0.2185,1.0,0
22.3,1.0,0.2715,1.0,1
196.59,0.0,0.1457,1.0,0
22.3,0.0,0.5828,1.0,0
22.3,2.0,0.7086,1.0,1
59.28,3.0,0.5828,1.0,1
269.53,2.0,0.2781,1.0,0
1017.39,0.0,0.6887,1.0,0
22.3,1.0,0.1192,1.0,1
1017.39,0.0,0.5099,1.0,0
0.0,2.0,0.1258,1.0,1
80.11,1.0,0.0795,1.0,1
260.28,1.0,0.6689,1.0,0
0.21,1.0,0.351,1.0,1
17.53,0.0,0.1325,1.0,1
956.68,4.0,0.2781,1.0,0
80.11,1.0,0.6225,1.0,1
1017.39,4.0,0.6887,1.0,0
426.51,0.0,0.2517,1.0,0
269.53,3.0,0.0795,1.0,0
17.53,1.0,0.3841,1.0,1
92.42,1.0,0.1589,1.0,1
0.0,0.0,0.3709,1.0,0
269.53,2.0,0.2053,1.0,0
22.3,0.0,0.0397,1.0,0
0.0,0.0,0.5497,1.0,0
92.42,0.0,0.4768,1.0,0
59.28,1.0,0.7748,1.0,1
956.68,0.0,0.3775,1.0,0
260.28,2.0,0.4437,1.0,0
260.28,0.0,0.053,1.0,0
260.28,0.0,0.0662,1.0,0
0.21,2.0,0.596,1.0,1
0.21,1.0,0.245,1.0,1
196.59,1.0,0.3046,1.0,0
260.28,1.0,0.1589,1.0,0
23.87,0.0,0.4768,1.0,0
1417.06,0.0,0.1325,1.0,0
0.0,0.0,0.4371,1.0,0
1417.06,1.0,0.0795,1.0,0
196.59,0.0,0.7947,1.0,0
0.0,0.0,0.1325,1.0,1
0.0,0.0,0.5298,1.0,1
23.87,4.0,0.3576,1.0,1
260.28,0.0,0.106,1.0,0
80.11,0.0,0.4768,1.0,0
0.0,3.0,0.1523,1.0,1
59.28,0.0,0.649,1.0,0
1417.06,1.0,0.7351,1.0,0
0.21,0.0,0.106,1.0,0
59.28,3.0,0.0993,1.0,1
92.42,0.0,0.1457,1.0,0
59.28,1.0,0.1126,1.0,1
0.0,1.0,0.6159,1.0,1
59.28,0.0,0.0728,1.0,1
260.28,1.0,0.0464,1.0,0
269.53,0.0,0.3841,1.0,0
0.0,1.0,0.4834,1.0,1
269.53,3.0,0.4371,1.0,0
59.28,0.0,0.1656,1.0,0
0.0,0.0,0.3775,1.0,0
22.3,0.0,0.245,1.0,1
22.3,0.0,0.5232,1.0,1
0.21,0.0,0.6887,1.0,0
80.11,3.0,0.1656,1.0,1
59.28,0.0,0.5497,1.0,0
260.28,0.0,0.7285,1.0,0
59.28,0.0,0.2848,1.0,0
196.59,0.0,0.2715,1.0,0
0.0,2.0,0.1126,1.0,1
92.42,0.0,0.0728,1.0,1
17.53,4.0,0.2119,1.0,1
1417.06,2.0,0.3245,1.0,0
1417.06,0.0,0.457,1.0,0
956.68,1.0,0.1457,1.0,0
23.87,0.0,0.3179,1.0,1
0.0,0.0,0.6623,1.0,0
0.0,0.0,0.4503,1.0,0
23.87,0.0,0.3841,1.0,0
92.42,0.0,0.3046,1.0,0
0.0,1.0,0.5166,1.0,1
59.28,0.0,0.6225,1.0,0
43.19,2.0,0.4305,1.0,1
956.68,1.0,0.2119,1.0,0
43.19,1.0,0.1788,1.0,1
23.87,3.0,0.3245,1.0,1
59.28,0.0,0.4901,1.0,0
269.53,2.0,0.0861,1.0,0
59.28,0.0,0.755,1.0,0
59.28,0.0,0.3642,1.0,0
17.53,0.0,0.6026,1.0,0
0.0,0.0,0.7616,1.0,1
80.11,2.0,0.5364,1.0,1
0.21,1.0,0.2517,1.0,1
1017.39,3.0,0.2583,1.0,0
260.28,1.0,0.1391,1.0,0
80.11,0.0,0.5762,1.0,1
1417.06,0.0,0.0728,1.0,0
59.28,0.0,0.0927,1.0,0
269.53,0.0,0.3841,1.0,0
92.42,0.0,0.4967,1.0,0
0.0,0.0,0.5166,1.0,0
22.3,4.0,0.2583,1.0,1
0.0,1.0,0.3113,1.0,1
59.28,2.0,0.2185,1.0,1
0.21,0.0,0.7682,1.0,0
23.87,0.0,0.2583,1.0,0
17.53,0.0,0.6954,1.0,1
22.3,1.0,0.4437,1.0,1
59.28,0.0,0.457,1.0,0
269.53,3.0,0.2848,1.0,0
92.42,2.0,0.2649,1.0,1
1417.06,0.0,0.7748,1.0,0
956.68,1.0,0.2119,1.0,0
0.21,1.0,0.1258,1.0,1
59.28,3.0,0.457,1.0,1
260.28,0.0,0.6358,1.0,0
17.53,1.0,0.8477,1.0,1
23.87,2.0,0.7351,1.0,1
23.87,0.0,0.2053,1.0,0
0.0,3.0,0.6954,1.0,1
426.51,0.0,0.2517,1.0,0
260.28,1.0,0.7417,1.0,0
0.0,1.0,0.7417,1.0,1
260.28,0.0,0.1788,1.0,0
1417.06,3.0,0.106,1.0,0
260.28,2.0,0.1722,1.0,0
22.3,1.0,0.1788,1.0,1
80.11,3.0,0.2649,1.0,1
426.51,1.0,0.7616,1.0,0
1017.39,3.0,0.6623,1.0,0
426.51,0.0,0.0795,1.0,0
0.21,0.0,0.404,1.0,0
80.11,1.0,0.4967,1.0,1
23.87,1.0,0.053,1.0,1
196.59,0.0,0.1391,1.0,0
59.28,2.0,0.4437,1.0,1
80.11,0.0,0.8742,1.0,0
260.28,1.0,0.245,1.0,0
17.53,0.0,0.3709,1.0,0
1128.75,4.0,2.1304,0.0015,0
1376.28,0.0,0.6522,-0.0556,0
1525.99,0.0,0.7174,-0.0682,0
1356.23,3.0,0.1739,-0.0639,0
1074.46,0.0,1.5652,-0.0298,0
990.33,1.0,1.1304,-0.0189,0
958.92,1.0,0.4348,-0.0403,0
972.31,1.0,0.9783,0.0143,0
972.31,0.0,1.5,-0.0209,0
1525.99,1.0,0.2391,0.9683,0
782.62,3.0,1.1522,0.013,0
1376.28,0.0,1.5652,-0.0183,0
1128.75,0.0,0.6522,-0.0164,0
1356.23,1.0,0.7174,-0.0663,0
536.09,0.0,1.7826,0.0104,0
1525.99,2.0,0.2391,0.0109,0
958.92,0.0,1.1087,0.0162,0
1376.28,1.0,0.2174,-0.0055,0
941.53,0.0,1.6304,0.0132,0
990.33,0.0,1.8261,-0.022,0
782.62,3.0,0.8913,-0.0658,0
972.31,0.0,1.9783,-0.0208,0
1128.75,0.0,1.6304,-0.0194,0
1525.99,0.0,1.7609,-0.0332,0
1562.12,2.0,2.5652,0.0015,0
1356.23,2.0,1.8261,0.9624,0
990.33,0.0,0.413,-0.0162,0
1299.14,0.0,1.3696,0.9685,0
0.0,0.0,2.1522,0.0008,0
972.31,2.0,1.0,-0.0864,0
1376.28,2.0,0.9783,-0.0646,0
0.0,2.0,0.2391,-0.018,0
0.0,2.0,0.1739,0.9673,1
970.58,1.0,1.2391,-0.0283,0
972.31,2.0,0.2391,-0.0465,0
1562.12,2.0,0.587,0.9624,0
2097.49,0.0,1.0435,-0.0065,0
0.0,0.0,0.413,-0.001,0
1525.99,0.0,0.3696,-0.0298,0
1299.14,0.0,0.7826,-0.0134,0
1562.12,3.0,2.3043,0.001,0
1356.23,3.0,1.3261,-0.0278,0
972.31,3.0,1.9348,-0.0607,0
941.53,0.0,0.6522,0.9506,0
1074.46,1.0,0.413,0.0092,0
0.0,1.0,0.8261,-0.0112,0
970.58,0.0,2.2826,0.0084,0
1376.28,0.0,0.7391,0.9631,0
1074.46,0.0,0.8696,-0.0182,0
1128.75,0.0,2.2609,0.0068,0
958.92,0.0,0.7174,-0.0051,0
972.31,0.0,0.8913,0.9607,0
782.62,0.0,0.4783,0.0162,0
972.31,0.0,1.913,-0.0176,0
972.31,3.0,2.3261,0.9689,0
1074.46,3.0,1.913,-0.0246,0
1562.12,2.0,0.913,0.9699,0
2097.49,0.0,2.2609,0.0091,0
972.31,1.0,0.3913,0.9712,0
2097.49,0.0,1.6739,0.013,0
958.92,2.0,0.413,-0.0046,0
1376.28,1.0,0.2609,0.9618,0
1525.99,0.0,2.1957,0.0076,0
970.58,0.0,1.1522,-0.0398,0
1128.75,1.0,0.4348,-0.0165,0
0.0,3.0,0.913,-0.0556,0
1376.28,1.0,2.0435,-0.0738,0
2097.49,4.0,2.2609,-0.0658,0
536.09,0.0,0.8261,-0.0661,0
1562.12,2.0,0.2609,-0.0444,0
1128.75,1.0,1.2609,-0.0058,0
1356.23,1.0,0.5217,-0.0004,0
1299.14,0.0,1.2174,-0.0262,0
1562.12,2.0,0.6739,-0.0193,0
972.31,0.0,0.1304,0.9665,0
1299.14,0.0,1.8043,-0.0465,0
1356.23,0.0,1.5652,-0.0232,0
1074.46,2.0,2.5435,-0.018,0
0.0,0.0,1.2391,-0.0013,0
1525.99,3.0,1.4565,-0.067,0
1525.99,0.0,0.1739,0.06,0
1525.99,0.0,0.2174,-0.0006,0
970.58,1.0,1.9565,0.0169,0
970.58,1.0,0.8043,0.9666,0
782.62,1.0,1.0,0.0069,0
1525.99,1.0,0.5217,0.9588,0
941.53,0.0,1.5652,-0.0719,0
0.0,0.0,0.4348,-0.0199,0
958.92,0.0,1.4348,-0.0307,0
0.0,1.0,0.2609,0.0057,0
782.62,0.0,2.6087,0.9677,0
1299.14,1.0,0.4348,-0.0456,0
1299.14,1.0,1.7391,-0.0706,0
941.53,4.0,1.1739,0.0056,0
1525.99,0.0,0.3478,-0.0399,0
1376.28,0.0,1.5652,-0.0611,0
958.92,3.0,0.5,0.0093,0
1074.46,0.0,2.1304,-0.0783,0
0.0,1.0,2.413,-0.0174,0
970.58,0.0,0.3478,0.0136,0
1074.46,3.0,0.3261,0.0097,0
1356.23,0.0,0.4783,-0.056,0
1074.46,1.0,0.3696,-0.0144,0
958.92,1.0,2.0217,-0.0327,0
1074.46,1.0,0.2391,0.9554,0
1525.99,1.0,0.1522,0.0145,0
1562.12,0.0,1.2609,-0.0162,0
1299.14,1.0,1.587,0.0101,0
1562.12,2.0,1.4348,-0.0159,0
1074.46,0.0,0.5435,0.001,0
958.92,0.0,1.2391,0.9704,0
972.31,1.0,0.8043,0.9614,0
972.31,1.0,1.7174,-0.0652,0
970.58,0.0,2.2609,-0.0046,0
1376.28,3.0,0.5435,0.9689,0
1074.46,0.0,1.8043,0.0586,0
1525.99,0.0,2.3913,0.0614,0
1074.46,0.0,0.9348,-0.0055,0
782.62,0.0,0.8913,-0.0257,0
1299.14,1.0,0.3696,0.0059,0
1356.23,0.0,0.2391,0.0024,0
1128.75,3.0,0.6957,-0.0064,0
0.0,1.0,1.0652,0.9655,0
0.0,0.0,1.5,-0.0632,0
0.0,1.0,0.4783,-0.0229,0
941.53,1.0,1.0435,-0.021,0
958.92,0.0,2.1739,-0.0163,0
1299.14,0.0,1.4783,-0.0176,0
941.53,0.0,1.2609,0.0006,0
1356.23,0.0,1.0,-0.0256,0
958.92,1.0,1.6957,-0.0341,0
1074.46,0.0,2.0435,-0.0152,0
990.33,1.0,1.413,0.0173,0
0.0,1.0,0.6957,0.9673,1
990.33,0.0,0.587,0.0079,0
941.53,4.0,1.0652,-0.0241,0
1074.46,0.0,1.6087,-0.0697,0
1562.12,2.0,0.2826,-0.0681,0
1074.46,0.0,2.4783,0.0094,0
1074.46,0.0,1.1957,-0.0226,0
1128.75,0.0,1.9783,0.9685,0
958.92,0.0,2.5,0.0107,0
1376.28,2.0,1.7609,-0.0208,0
970.58,1.0,0.8261,0.0052,0
2097.49,3.0,0.8478,-0.0655,0
1525.99,0.0,0.4565,-0.0538,0
1376.28,1.0,1.8913,-0.0653,0
0.0,0.0,0.2391,0.0038,0
1074.46,0.0,0.3043,-0.0161,0
1562.12,0.0,1.2609,0.0129,0
1356.23,0.0,1.6304,0.008,0
958.92,0.0,1.6957,-0.0576,0
972.31,4.0,0.8478,0.0061,0
1299.14,1.0,1.0217,0.0158,0
1074.46,2.0,0.7174,0.0127,0
970.58,0.0,2.5217,-0.0213,0
941.53,0.0,0.8478,0.9682,0
1128.75,0.0,2.2826,-0.043,0
972.31,1.0,1.4565,-0.0153,0
1074.46,0.0,1.5,-0.0684,0
1562.12,2.0,0.9348,-0.0144,0
1356.23,2.0,0.8696,-0.0023,0
0.0,0.0,2.5435,0.956,0
0.0,2.0,0.6957,-0.0028,0
970.58,2.0,0.413,0.0174,0
1074.46,3.0,1.5,0.9506,0
1525.99,0.0,2.087,0.969,0
1128.75,0.0,2.7826,0.0051,0
941.53,2.0,2.413,-0.0364,0
941.53,0.0,0.6739,-0.0038,0
1299.14,3.0,2.2826,-0.0206,0
536.09,0.0,0.8261,0.0015,0
1525.99,0.0,2.4348,0.0066,0
1299.14,1.0,2.4348,-0.0327,0
1525.99,0.0,0.587,0.0016,0
0.0,3.0,0.3478,0.9507,1
1525.99,3.0,0.5652,0.014,0
972.31,1.0,0.587,0.0585,0
1376.28,3.0,0.8696,-0.0531,0
536.09,1.0,2.5,0.0069,0
2097.49,4.0,2.1739,0.9547,0
536.09,0.0,0.2609,0.013,0
970.58,0.0,1.3261,-0.0601,0
1376.28,1.0,1.6304,0.0158,0
941.53,1.0,0.1739,0.013,0
782.62,0.0,0.4565,-0.0185,0
1074.46,3.0,1.4565,-0.0464,0
1376.28,0.0,2.8696,0.0064,0
1525.99,2.0,0.8043,-0.0013,0
1128.75,0.0,1.2174,-0.0019,0
1128.75,0.0,0.7153,0.9351,0
1376.28,0.0,0.219,0.9026,0
1525.99,2.0,0.2409,0.0169,0
1356.23,2.0,0.0584,-0.0082,0
1074.46,1.0,0.5255,0.0169,0
990.33,1.0,0.3796,0.9469,0
958.92,1.0,0.146,-0.0351,0
972.31,0.0,0.3285,0.0543,0
972.31,0.0,0.5036,0.9638,0
1525.99,0.0,0.0803,0.0209,0
782.62,3.0,0.3869,0.1547,0
1376.28,0.0,0.5255,-0.0034,0
1128.75,0.0,0.219,0.0014,0
1356.23,1.0,0.2409,-0.0104,0
536.09,0.0,0.5985,0.0437,0
1525.99,2.0,0.0803,0.0989,0
958.92,1.0,0.3723,0.0475,0
1376.28,0.0,0.073,0.9688,0
941.53,0.0,0.5474,0.0512,0
990.33,0.0,0.6131,0.0045,0
782.62,1.0,0.2993,0.0213,0
972.31,0.0,0.6642,0.074,0
1128.75,0.0,0.5474,0.9591,0
1525.99,3.0,0.5912,0.0541,0
1562.12,0.0,0.8613,0.9397,0
1356.23,0.0,0.6131,0.0186,0
990.33,3.0,0.1387,0.0056,0
1299.14,2.0,0.4599,0.0279,0
0.0,1.0,0.7226,0.9602,1
972.31,0.0,0.3358,-0.0217,0
1376.28,2.0,0.3285,0.0203,0
0.0,3.0,0.0803,0.9619,1
0.0,2.0,0.0584,0.0153,0
970.58,2.0,0.4161,0.0232,0
972.31,3.0,0.0803,-0.0344,0
1562.12,2.0,0.1971,0.0186,0
2097.49,0.0,0.3504,0.9687,0
0.0,0.0,0.1387,0.9776,0
1525.99,0.0,0.1241,0.0215,0
1299.14,0.0,0.2628,-0.0197,0
1562.12,0.0,0.7737,0.9561,0
1356.23,3.0,0.4453,0.0211,0
972.31,2.0,0.6496,0.0221,0
941.53,4.0,0.219,0.0442,0
1074.46,2.0,0.1387,0.0373,0
0.0,1.0,0.2774,0.9662,1
970.58,0.0,0.7664,0.96,0
1376.28,4.0,0.2482,0.0251,0
1074.46,0.0,0.292,0.002,0
1128.75,0.0,0.7591,0.0957,0
958.92,0.0,0.2409,0.9393,0
972.31,0.0,0.2993,0.0297,0
782.62,0.0,0.1606,0.0548,0
972.31,3.0,0.6423,0.0251,0
972.31,3.0,0.781,0.0146,0
1074.46,0.0,0.6423,0.9558,0
1562.12,0.0,0.3066,0.0212,0
2097.49,3.0,0.7591,0.0535,0
972.31,1.0,0.1314,0.0207,0
2097.49,2.0,0.562,0.0998,0
958.92,0.0,0.1387,0.9691,0
1376.28,0.0,0.0876,0.017,0
1525.99,0.0,0.7372,0.9576,0
970.58,0.0,0.3869,-0.0355,0
1128.75,2.0,0.146,0.0201,0
0.0,0.0,0.3066,0.8927,0
1376.28,0.0,0.6861,-0.002,0
2097.49,2.0,0.7591,0.0213,0
536.09,1.0,0.2774,-0.0125,0
1562.12,0.0,0.0876,-0.0305,0
1128.75,1.0,0.4234,0.9714,0
1356.23,0.0,0.1752,0.9539,0
1299.14,0.0,0.4088,0.9544,0
1562.12,0.0,0.2263,0.0197,0
972.31,2.0,0.0438,0.0324,0
1299.14,2.0,0.6058,-0.0344,0
1356.23,0.0,0.5255,0.01,0
1074.46,2.0,0.854,0.9493,0
0.0,1.0,0.4161,0.968,1
1525.99,3.0,0.4891,0.0191,0
1525.99,1.0,0.0584,0.1175,0
1525.99,0.0,0.073,0.9766,0
970.58,0.0,0.6569,0.1,0
970.58,1.0,0.2701,0.0186,0
782.62,0.0,0.3358,0.1515,0
1525.99,1.0,0.1752,0.0191,0
941.53,0.0,0.5255,-0.0076,0
0.0,0.0,0.146,0.9621,1
958.92,0.0,0.4818,0.0532,0
0.0,1.0,0.0876,0.0217,0
782.62,0.0,0.8759,0.0257,0
1299.14,1.0,0.146,-0.0289,0
1299.14,4.0,0.5839,-0.0071,0
941.53,2.0,0.3942,0.0505,0
1525.99,1.0,0.1168,-0.0339,0
1376.28,2.0,0.5255,0.0227,0
958.92,0.0,0.1679,0.149,0
1074.46,2.0,0.7153,-0.025,0
0.0,0.0,0.8102,0.0263,0
970.58,0.0,0.1168,0.0424,0
1074.46,2.0,0.1095,0.0507,0
1356.23,0.0,0.1606,0.8955,0
1074.46,0.0,0.1241,0.022,0
958.92,1.0,0.6788,0.0247,0
1074.46,1.0,0.0803,0.0273,0
1525.99,0.0,0.0511,0.046,0
1562.12,0.0,0.4234,0.0056,0
1299.14,0.0,0.5328,0.0454,0
1562.12,0.0,0.4818,0.0005,0
1074.46,0.0,0.1825,0.9561,0
958.92,0.0,0.4161,0.0167,0
972.31,1.0,0.2701,0.0171,0
972.31,1.0,0.5766,-0.0049,0
970.58,2.0,0.7591,0.9647,0
1376.28,2.0,0.1825,0.0221,0
1074.46,0.0,0.6058,0.1183,0
1525.99,0.0,0.8029,0.1203,0
1074.46,0.0,0.3139,0.9691,0
782.62,1.0,0.2993,0.0739,0
1299.14,0.0,0.1241,0.0178,0
1356.23,0.0,0.0803,0.9568,0
1128.75,0.0,0.2336,0.9691,0
0.0,0.0,0.3577,0.0258,0
0.0,0.0,0.5036,-0.0055,0
0.0,0.0,0.1606,-0.01,0
941.53,3.0,0.3504,0.0259,0
958.92,0.0,0.7299,-0.0014,0
1299.14,0.0,0.4964,0.0251,0
941.53,0.0,0.4234,0.9423,0
1356.23,0.0,0.3358,-0.0157,0
958.92,0.0,0.5693,0.0263,0
1074.46,0.0,0.6861,0.9504,0
990.33,0.0,0.4745,0.0385,0
0.0,0.0,0.2336,0.0152,0
990.33,0.0,0.1971,0.0152,0
941.53,3.0,0.3577,0.0788,0
1074.46,3.0,0.5401,-0.0042,0
1562.12,1.0,0.0949,0.0178,0
1074.46,0.0,0.8321,0.0498,0
1074.46,0.0,0.4015,0.0156,0
1128.75,0.0,0.6642,0.0208,0
958.92,0.0,0.8394,0.0368,0
1376.28,1.0,0.5912,0.074,0
970.58,0.0,0.2774,0.1485,0
2097.49,1.0,0.2847,-0.011,0
1525.99,0.0,0.1533,0.8869,0
1376.28,2.0,0.635,0.0213,0
0.0,0.0,0.0803,0.0158,0
1074.46,1.0,0.1022,0.9487,0
1562.12,0.0,0.4234,0.0537,0
1356.23,1.0,0.5474,0.0139,0
958.92,0.0,0.5693,0.8965,0
972.31,1.0,0.2847,0.9392,0
1299.14,0.0,0.3431,0.0526,0
1074.46,2.0,0.2409,0.053,0
970.58,0.0,0.8467,0.0827,0
941.53,1.0,0.2847,0.0198,0
1128.75,0.0,0.7664,-0.0294,0
972.31,1.0,0.4891,0.9479,0
1074.46,0.0,0.5036,-0.0032,0
1562.12,0.0,0.3139,0.022,0
1356.23,0.0,0.292,0.978,0
0.0,0.0,0.854,0.0224,0
0.0,3.0,0.2336,0.9397,1
970.58,3.0,0.1387,0.0983,0
1074.46,2.0,0.5036,0.0442,0
1525.99,3.0,0.7007,0.0218,0
1128.75,0.0,0.9343,0.0528,0
941.53,0.0,0.8102,-0.0333,0
941.53,0.0,0.2263,0.9526,0
1299.14,0.0,0.7664,-0.0028,0
536.09,4.0,0.2774,0.9411,0
1525.99,0.0,0.8175,0.0151,0
1299.14,0.0,0.8175,0.0247,0
1525.99,3.0,0.1971,0.0149,0
0.0,0.0,0.1168,0.037,0
1525.99,4.0,0.1898,0.0453,0
972.31,0.0,0.1971,0.1152,0
1376.28,0.0,0.292,0.8991,0
536.09,0.0,0.8394,0.9549,0
2097.49,3.0,0.7299,0.0246,0
536.09,0.0,0.0876,0.0397,0
970.58,3.0,0.4453,0.0254,0
1376.28,0.0,0.5474,0.0526,0
941.53,0.0,0.0584,0.0483,0
782.62,0.0,0.1533,0.0251,0
1074.46,4.0,0.4891,-0.0314,0
1376.28,0.0,0.9635,0.0372,0
1525.99,4.0,0.2701,0.9341,0
1128.75,0.0,0.4088,0.9414,0
24.87,4.0,1.0652,0.9351,0
55.59,0.0,0.3261,0.9026,0
269.98,0.0,0.3587,0.0169,0
0.0,3.0,0.087,0.031,0
36.54,0.0,0.7826,-0.009,0
41.17,1.0,0.5652,0.9469,1
0.0,1.0,0.2174,0.0259,0
21.98,1.0,0.4891,0.9828,1
21.98,0.0,0.75,-0.0224,0
269.98,1.0,0.1196,0.0047,0
196.45,3.0,0.5761,0.948,0
55.59,0.0,0.7826,0.0595,0
24.87,0.0,0.3261,-0.0027,0
0.0,1.0,0.3587,0.0055,0
426.41,0.0,0.8913,0.974,0
269.98,2.0,0.1196,0.0989,0
0.0,0.0,0.5543,0.9797,0
55.59,1.0,0.1087,0.0194,0
23.85,0.0,0.8152,0.9814,0
41.17,0.0,0.913,0.0028,0
196.45,3.0,0.4457,0.0213,0
21.98,0.0,0.9891,0.074,0
24.87,0.0,0.8152,-0.0183,0
269.98,0.0,0.8804,0.1057,0
250.65,2.0,1.2826,0.9397,0
0.0,2.0,0.913,0.0414,0
41.17,0.0,0.2065,-0.0059,0
86.18,0.0,0.6848,-0.0019,0
956.36,0.0,1.0761,-0.0224,0
21.98,2.0,0.5,0.0152,0
55.59,2.0,0.4891,0.0203,0
1416.57,2.0,0.1196,-0.018,0
956.36,2.0,0.087,-0.0056,0
2.94,1.0,0.6196,-0.0099,0
21.98,2.0,0.1196,0.0257,0
250.65,2.0,0.2935,0.0414,0
1043.87,0.0,0.5217,0.0233,0
956.36,0.0,0.2065,0.0126,0
269.98,0.0,0.1848,-0.0047,0
86.18,0.0,0.3913,0.0811,0
250.65,3.0,1.1522,0.9561,0
0.0,3.0,0.663,-0.0061,0
21.98,3.0,0.9674,0.0221,0
23.85,0.0,0.3261,-0.0075,0
36.54,1.0,0.2065,0.9716,1
956.36,1.0,0.413,-0.0134,0
2.94,0.0,1.1413,-0.0151,0
55.59,0.0,0.3696,0.0066,0
36.54,0.0,0.4348,0.0545,0
24.87,0.0,1.1304,0.0957,0
0.0,0.0,0.3587,0.9393,0
21.98,0.0,0.4457,0.0156,0
196.45,0.0,0.2391,0.0548,0
21.98,0.0,0.9565,-0.0027,0
21.98,3.0,1.163,-0.0033,0
36.54,3.0,0.9565,-0.0236,0
250.65,2.0,0.4565,0.0072,0
1043.87,0.0,1.1304,0.0535,0
21.98,1.0,0.1957,0.003,0
1043.87,0.0,0.837,0.0998,0
0.0,2.0,0.2065,0.0198,0
55.59,1.0,0.1304,0.0479,0
269.98,0.0,1.0978,-0.0223,0
2.94,0.0,0.5761,0.0201,0
24.87,1.0,0.2174,-0.0043,0
956.36,3.0,0.4565,0.8927,0
55.59,1.0,1.0217,0.017,0
1043.87,4.0,1.1304,0.0213,0
426.41,0.0,0.413,0.0045,0
250.65,2.0,0.1304,0.0171,0
24.87,1.0,0.6304,0.0208,0
0.0,1.0,0.2609,0.9539,1
86.18,0.0,0.6087,-0.0257,0
250.65,2.0,0.337,-0.0026,0
21.98,0.0,0.0652,0.0077,0
86.18,0.0,0.9022,0.0257,0
0.0,0.0,0.7826,-0.0,0
36.54,2.0,1.2717,0.9493,0
956.36,0.0,0.6196,0.0261,0
269.98,3.0,0.7283,0.0191,0
269.98,0.0,0.087,0.9227,0
269.98,0.0,0.1087,0.0131,0
2.94,1.0,0.9783,0.1,0
2.94,1.0,0.4022,-0.0068,0
196.45,1.0,0.5,0.9486,0
269.98,1.0,0.2609,0.0558,0
23.85,0.0,0.7826,0.0127,0
1416.57,0.0,0.2174,-0.016,0
0.0,0.0,0.7174,0.1112,0
1416.57,1.0,0.1304,0.071,0
196.45,0.0,1.3043,0.0075,0
86.18,1.0,0.2174,0.0312,0
86.18,1.0,0.8696,0.0118,0
23.85,4.0,0.587,0.0505,0
269.98,0.0,0.1739,0.0234,0
55.59,0.0,0.7826,0.0227,0
0.0,3.0,0.25,0.9512,1
36.54,0.0,1.0652,0.0116,0
1416.57,1.0,1.2065,0.1054,0
2.94,0.0,0.1739,0.9729,0
36.54,3.0,0.163,0.9802,1
0.0,0.0,0.2391,0.8955,0
36.54,1.0,0.1848,-0.0069,0
0.0,1.0,1.0109,-0.0047,0
36.54,1.0,0.1196,-0.0022,0
269.98,1.0,0.0761,0.046,0
250.65,0.0,0.6304,-0.0059,0
86.18,1.0,0.7935,0.0454,0
250.65,2.0,0.7174,0.0562,0
36.54,0.0,0.2717,0.9561,0
0.0,0.0,0.6196,-0.0071,0
21.98,1.0,0.4022,0.0461,0
21.98,1.0,0.8587,0.0332,0
2.94,0.0,1.1304,0.0266,0
55.59,3.0,0.2717,0.0011,0
36.54,0.0,0.9022,0.9197,0
269.98,0.0,1.1957,0.9168,0
36.54,0.0,0.4674,0.0246,0
196.45,0.0,0.4457,0.0739,0
86.18,1.0,0.1848,0.0702,0
0.0,0.0,0.1196,0.9568,0
24.87,3.0,0.3478,0.0226,0
1416.57,1.0,0.5326,0.011,0
1416.57,0.0,0.75,0.0297,0
956.36,1.0,0.2391,0.0824,0
23.85,1.0,0.5217,-0.0006,0
0.0,0.0,1.087,0.0564,0
86.18,0.0,0.7391,-0.0027,0
23.85,0.0,0.6304,0.9423,0
0.0,0.0,0.5,0.0698,0
0.0,1.0,0.8478,-0.0061,0
36.54,0.0,1.0217,0.9504,0
41.17,1.0,0.7065,0.9714,1
956.36,1.0,0.3478,-0.0061,0
41.17,0.0,0.2935,0.0648,0
23.85,4.0,0.5326,0.0788,0
36.54,0.0,0.8043,0.0125,0
250.65,2.0,0.1413,0.0178,0
36.54,0.0,1.2391,0.0498,0
36.54,0.0,0.5978,0.0647,0
24.87,0.0,0.9891,-0.0027,0
0.0,0.0,1.25,0.0368,0
55.59,2.0,0.8804,0.074,0
2.94,1.0,0.413,0.9491,1
1043.87,3.0,0.4239,0.0066,0
269.98,0.0,0.2283,0.8869,0
55.59,1.0,0.9457,0.0213,0
1416.57,0.0,0.1196,0.0653,0
36.54,0.0,0.1522,0.9487,0
250.65,0.0,0.6304,0.9832,0
0.0,0.0,0.8152,0.0603,0
0.0,0.0,0.8478,0.8965,0
21.98,4.0,0.4239,0.9392,1
86.18,1.0,0.5109,0.0526,0
36.54,2.0,0.3587,0.9813,1
2.94,0.0,1.2609,0.0827,0
23.85,0.0,0.4239,0.0074,0
24.87,0.0,1.1413,0.0319,0
21.98,1.0,0.7283,0.9479,1
36.54,0.0,0.75,0.0362,0
250.65,2.0,0.4674,-0.0069,0
0.0,2.0,0.4348,0.0152,0
1416.57,0.0,1.2717,-0.0048,0
956.36,2.0,0.3478,0.9397,0
2.94,2.0,0.2065,0.0983,0
36.54,3.0,0.75,-0.0075,0
269.98,0.0,1.0435,-0.0064,0
24.87,0.0,1.3913,0.0528,0
23.85,2.0,1.2065,0.0257,0
23.85,0.0,0.337,0.9526,0
86.18,3.0,1.1413,0.0636,0
426.41,0.0,0.413,0.9411,0
269.98,0.0,1.2174,0.0602,0
86.18,1.0,1.2174,-0.0047,0
269.98,0.0,0.2935,0.0732,0
1416.57,3.0,0.1739,-0.0129,0
269.98,3.0,0.2826,0.9736,0
21.98,1.0,0.2935,0.9148,1
55.59,3.0,0.4348,0.8991,1
426.41,1.0,1.25,-0.023,0
1043.87,4.0,1.087,-0.0007,0
426.41,0.0,0.1304,0.972,0
2.94,0.0,0.663,0.0254,0
55.59,1.0,0.8152,0.0526,0
23.85,1.0,0.087,0.9823,1
196.45,0.0,0.2283,-0.0051,0
36.54,3.0,0.7283,0.0241,0
55.59,0.0,1.4348,0.0372,0
269.98,2.0,0.4022,0.9341,0
24.87,0.0,0.6087,0.9414,0
24.87,4.0,1.7193,0.0454,0
55.59,0.0,0.5263,0.0203,0
269.98,0.0,0.5789,0.0103,0
0.0,3.0,0.1404,0.966,1
36.54,0.0,1.2632,0.975,0
41.17,1.0,0.9123,-0.0195,0
0.0,1.0,0.3509,-0.0016,0
21.98,1.0,0.7895,-0.0239,0
21.98,0.0,1.2105,0.9638,0
269.98,1.0,0.193,0.0209,0
196.45,3.0,0.9298,-0.0181,0
55.59,0.0,1.2632,-0.0034,0
24.87,0.0,0.5263,0.9753,0
0.0,1.0,0.5789,-0.0104,0
426.41,0.0,1.4386,-0.0276,0
269.98,2.0,0.193,0.0537,0
0.0,0.0,0.8947,-0.0334,0
55.59,1.0,0.1754,0.9688,1
23.85,0.0,1.3158,-0.0218,0
41.17,0.0,1.4737,0.9758,0
196.45,3.0,0.7193,0.0082,0
21.98,0.0,1.5965,0.0235,0
24.87,0.0,1.3158,0.9591,0
269.98,0.0,1.4211,0.0541,0
250.65,2.0,2.0702,0.0332,0
0.0,2.0,1.4737,0.0186,0
41.17,0.0,0.3333,0.9766,0
86.18,0.0,1.1053,0.0279,0
956.36,0.0,1.7368,0.9602,0
21.98,2.0,0.807,-0.0217,0
55.59,2.0,0.7895,0.0048,0
1416.57,2.0,0.193,0.9619,0
956.36,2.0,0.1404,0.0153,0
2.94,1.0,1.0,0.976,1
21.98,2.0,0.193,0.0027,0
250.65,2.0,0.4737,0.0186,0
1043.87,0.0,0.8421,0.9687,0
956.36,0.0,0.3333,0.9776,0
269.98,0.0,0.2982,0.9756,0
86.18,0.0,0.6316,0.0021,0
250.65,3.0,1.8596,0.0124,0
0.0,3.0,1.0702,0.9764,0
21.98,3.0,1.5614,0.0036,0
23.85,0.0,0.5263,0.0442,0
36.54,1.0,0.3333,-0.0199,0
956.36,1.0,0.6667,0.9662,0
2.94,0.0,1.8421,0.96,0
55.59,0.0,0.5965,0.0251,0
36.54,0.0,0.7018,0.002,0
24.87,0.0,1.8246,0.0554,0
0.0,0.0,0.5789,0.0468,0
21.98,0.0,0.7193,0.0297,0
196.45,0.0,0.386,0.0101,0
21.98,0.0,1.5439,0.9589,0
21.98,3.0,1.8772,0.0146,0
36.54,3.0,1.5439,0.9558,0
250.65,2.0,0.7368,0.0212,0
1043.87,0.0,1.8246,0.0169,0
21.98,1.0,0.3158,0.0207,0
1043.87,0.0,1.3509,0.0471,0
0.0,2.0,0.3333,0.9691,1
55.59,1.0,0.2105,0.017,0
269.98,0.0,1.7719,0.9576,0
2.94,0.0,0.9298,0.0012,0
24.87,1.0,0.3509,0.9588,1
956.36,3.0,0.7368,0.0128,0
55.59,1.0,1.6491,-0.002,0
1043.87,4.0,1.8246,0.0082,0
426.41,0.0,0.6667,-0.0125,0
250.65,2.0,0.2105,0.0028,0
24.87,1.0,1.0175,0.9714,0
0.0,1.0,0.4211,0.0091,0
86.18,0.0,0.9825,0.9544,0
250.65,2.0,0.5439,0.958,0
21.98,0.0,0.1053,0.0324,0
86.18,0.0,1.4561,0.0027,0
0.0,0.0,1.2632,0.9765,0
36.54,2.0,2.0526,-0.0181,0
956.36,0.0,1.0,0.968,0
269.98,3.0,1.1754,0.0124,0
269.98,0.0,0.1404,0.0234,0
269.98,0.0,0.1754,0.9766,0
2.94,1.0,1.5789,0.0495,0
2.94,1.0,0.6491,0.0186,0
196.45,1.0,0.807,-0.0148,0
269.98,1.0,0.4211,0.0191,0
23.85,0.0,1.2632,-0.0076,0
1416.57,0.0,0.3509,0.9621,0
0.0,0.0,1.1579,0.0532,0
1416.57,1.0,0.2105,0.0217,0
196.45,0.0,2.1053,0.0257,0
86.18,1.0,0.3509,0.0047,0
86.18,1.0,1.4035,-0.0071,0
23.85,4.0,0.9474,0.019,0
269.98,0.0,0.2807,-0.0005,0
55.59,0.0,1.2632,0.0065,0
0.0,3.0,0.4035,-0.0207,0
36.54,0.0,1.7193,-0.0242,0
1416.57,1.0,1.9474,0.0263,0
2.94,0.0,0.2807,-0.0234,0
36.54,3.0,0.2632,-0.0186,0
0.0,0.0,0.386,0.0182,0
36.54,1.0,0.2982,0.959,1
0.0,1.0,1.6316,0.9768,0
36.54,1.0,0.193,0.0273,0
269.98,1.0,0.1228,-0.0147,0
250.65,0.0,1.0175,0.9766,0
86.18,1.0,1.2807,-0.0081,0
250.65,2.0,1.1579,0.0005,0
36.54,0.0,0.4386,0.0124,0
0.0,0.0,1.0,0.0167,0
21.98,1.0,0.6491,0.0171,0
21.98,1.0,1.386,0.9641,0
2.94,0.0,1.8246,0.9647,0
55.59,3.0,0.4386,0.0221,0
36.54,0.0,1.4561,0.0288,0
269.98,0.0,1.9298,0.0339,0
36.54,0.0,0.7544,0.9691,0
196.45,0.0,0.7193,0.0207,0
86.18,1.0,0.2982,0.0178,0
0.0,0.0,0.193,0.0069,0
24.87,3.0,0.5614,0.9691,1
1416.57,1.0,0.8596,0.0258,0
1416.57,0.0,1.2105,0.9673,0
956.36,1.0,0.386,0.0049,0
23.85,1.0,0.8421,0.9592,1
0.0,0.0,1.7544,-0.0014,0
86.18,0.0,1.193,0.9589,0
23.85,0.0,1.0175,0.0308,0
0.0,0.0,0.807,0.0009,0
0.0,1.0,1.3684,0.9769,0
36.54,0.0,1.6491,-0.0103,0
41.17,1.0,1.1404,-0.028,0
956.36,1.0,0.5614,0.0152,0
41.17,0.0,0.4737,0.0152,0
23.85,4.0,0.8596,0.0141,0
36.54,0.0,1.2982,-0.0042,0
250.65,2.0,0.2281,0.0089,0
36.54,0.0,2.0,-0.0127,0
36.54,0.0,0.9649,0.0156,0
24.87,0.0,1.5965,0.0208,0
0.0,0.0,2.0175,-0.0111,0
55.59,2.0,1.4211,0.0235,0
2.94,1.0,0.6667,-0.0174,0
1043.87,3.0,0.6842,-0.011,0
269.98,0.0,0.3684,0.0123,0
55.59,1.0,1.5263,0.0145,0
1416.57,0.0,0.193,0.0158,0
36.54,0.0,0.2456,-0.018,0
250.65,0.0,1.0175,-0.0236,0
0.0,0.0,1.3158,0.0139,0
0.0,0.0,1.3684,0.0128,0
21.98,4.0,0.6842,0.0282,0
86.18,1.0,0.8246,0.0173,0
36.54,2.0,0.5789,-0.0248,0
2.94,0.0,2.0351,0.0131,0
23.85,0.0,0.6842,0.0198,0
24.87,0.0,1.8421,-0.0016,0
21.98,1.0,1.1754,-0.0207,0
36.54,0.0,1.2105,0.9655,0
250.65,2.0,0.7544,0.959,0
0.0,2.0,0.7018,0.978,1
1416.57,0.0,2.0526,0.0224,0
956.36,2.0,0.5614,0.0419,0
2.94,2.0,0.3333,0.0407,0
36.54,3.0,1.2105,0.0442,0
269.98,0.0,1.6842,0.0218,0
24.87,0.0,2.2456,0.0115,0
23.85,2.0,1.9474,0.0059,0
23.85,0.0,0.5439,0.0158,0
86.18,3.0,1.8421,-0.0028,0
426.41,0.0,0.6667,0.04,0
269.98,0.0,1.9649,0.0151,0
86.18,1.0,1.9649,0.9768,0
269.98,0.0,0.4737,0.0149,0
1416.57,3.0,0.2807,0.037,0
269.98,3.0,0.4561,-0.0237,0
21.98,1.0,0.4737,0.0338,0
55.59,3.0,0.7018,0.0133,0
426.41,1.0,2.0175,0.9549,0
1043.87,4.0,1.7544,0.0246,0
426.41,0.0,0.2105,-0.0233,0
2.94,0.0,1.0702,0.0037,0
55.59,1.0,1.3158,0.0173,0
23.85,1.0,0.1404,-0.0208,0
196.45,0.0,0.3684,0.9603,0
36.54,3.0,1.1754,-0.0004,0
55.59,0.0,2.3158,-0.0049,0
269.98,2.0,0.6491,0.0355,0
24.87,0.0,0.9825,0.0412,0
24.87,1.0,0.8099,1.0,1
55.59,0.0,0.2479,1.0,0
269.98,2.0,0.2727,1.0,0
0.0,3.0,0.0661,1.0,1
36.54,0.0,0.595,1.0,1
41.17,1.0,0.4298,1.0,1
0.0,1.0,0.1653,1.0,1
21.98,0.0,0.3719,1.0,0
21.98,0.0,0.5702,1.0,0
269.98,0.0,0.0909,1.0,0
196.45,3.0,0.438,1.0,0
55.59,0.0,0.595,1.0,0
24.87,0.0,0.2479,1.0,0
0.0,1.0,0.2727,1.0,1
426.41,0.0,0.6777,1.0,0
269.98,2.0,0.0909,1.0,0
0.0,0.0,0.4215,1.0,1
55.59,0.0,0.0826,1.0,1
23.85,0.0,0.6198,1.0,0
41.17,0.0,0.6942,1.0,0
196.45,2.0,0.3388,1.0,0
21.98,0.0,0.7521,1.0,0
24.87,0.0,0.6198,1.0,0
269.98,2.0,0.6694,1.0,0
250.65,0.0,0.9752,1.0,0
0.0,0.0,0.6942,1.0,0
41.17,2.0,0.157,1.0,1
86.18,1.0,0.5207,1.0,1
956.36,0.0,0.8182,1.0,0
21.98,0.0,0.3802,1.0,0
55.59,2.0,0.3719,1.0,1
1416.57,3.0,0.0909,1.0,0
956.36,2.0,0.0661,1.0,0
2.94,2.0,0.4711,1.0,1
21.98,3.0,0.0909,1.0,1
250.65,2.0,0.2231,1.0,0
1043.87,0.0,0.3967,1.0,0
956.36,0.0,0.157,1.0,0
269.98,0.0,0.1405,1.0,0
86.18,0.0,0.2975,1.0,0
250.65,0.0,0.876,1.0,0
0.0,3.0,0.5041,1.0,1
21.98,3.0,0.7355,1.0,1
23.85,3.0,0.2479,1.0,1
36.54,2.0,0.157,1.0,1
956.36,1.0,0.314,1.0,0
2.94,0.0,0.8678,1.0,0
55.59,3.0,0.281,1.0,1
36.54,0.0,0.3306,1.0,0
24.87,0.0,0.8595,1.0,0
0.0,0.0,0.2727,1.0,0
21.98,0.0,0.3388,1.0,0
196.45,0.0,0.1818,1.0,0
21.98,3.0,0.7273,1.0,1
21.98,3.0,0.8843,1.0,1
36.54,1.0,0.7273,1.0,1
250.65,1.0,0.3471,1.0,0
1043.87,3.0,0.8595,1.0,0
21.98,1.0,0.1488,1.0,1
1043.87,1.0,0.6364,1.0,0
0.0,0.0,0.157,1.0,0
55.59,1.0,0.0992,1.0,1
269.98,0.0,0.8347,1.0,0
2.94,0.0,0.438,1.0,0
24.87,2.0,0.1653,1.0,1
956.36,0.0,0.3471,1.0,0
55.59,0.0,0.7769,1.0,1
1043.87,3.0,0.8595,1.0,0
426.41,1.0,0.314,1.0,0
250.65,0.0,0.0992,1.0,0
24.87,1.0,0.4793,1.0,1
0.0,0.0,0.1983,1.0,0
86.18,0.0,0.4628,1.0,0
250.65,0.0,0.2562,1.0,0
21.98,1.0,0.0496,1.0,1
86.18,1.0,0.686,1.0,1
0.0,0.0,0.595,1.0,0
36.54,2.0,0.9669,1.0,1
956.36,0.0,0.4711,1.0,0
269.98,3.0,0.5537,1.0,0
269.98,0.0,0.0661,1.0,0
269.98,0.0,0.0826,1.0,0
2.94,0.0,0.7438,1.0,0
2.94,1.0,0.3058,1.0,1
196.45,1.0,0.3802,1.0,0
269.98,1.0,0.1983,1.0,0
23.85,0.0,0.595,1.0,0
1416.57,0.0,0.1653,1.0,0
0.0,0.0,0.5455,1.0,0
1416.57,1.0,0.0992,1.0,0
196.45,0.0,0.9917,1.0,0
86.18,1.0,0.1653,1.0,1
86.18,4.0,0.6612,1.0,1
23.85,3.0,0.4463,1.0,1
269.98,1.0,0.1322,1.0,0
55.59,2.0,0.595,1.0,1
0.0,1.0,0.1901,1.0,1
36.54,1.0,0.8099,1.0,1
1416.57,0.0,0.9174,1.0,0
2.94,0.0,0.1322,1.0,0
36.54,3.0,0.124,1.0,1
0.0,0.0,0.1818,1.0,0
36.54,1.0,0.1405,1.0,1
0.0,1.0,0.7686,1.0,1
36.54,1.0,0.0909,1.0,1
269.98,1.0,0.0579,1.0,0
250.65,0.0,0.4793,1.0,0
86.18,1.0,0.6033,1.0,1
250.65,0.0,0.5455,1.0,0
36.54,0.0,0.2066,1.0,0
0.0,0.0,0.4711,1.0,0
21.98,1.0,0.3058,1.0,1
21.98,1.0,0.6529,1.0,1
2.94,1.0,0.8595,1.0,1
55.59,3.0,0.2066,1.0,1
36.54,0.0,0.686,1.0,0
269.98,0.0,0.9091,1.0,0
36.54,0.0,0.3554,1.0,0
196.45,1.0,0.3388,1.0,0
86.18,0.0,0.1405,1.0,0
0.0,0.0,0.0909,1.0,0
24.87,0.0,0.2645,1.0,1
1416.57,0.0,0.405,1.0,0
1416.57,0.0,0.5702,1.0,0
956.36,0.0,0.1818,1.0,0
23.85,3.0,0.3967,1.0,1
0.0,0.0,0.8264,1.0,0
86.18,0.0,0.562,1.0,0
23.85,0.0,0.4793,1.0,0
0.0,0.0,0.3802,1.0,0
0.0,1.0,0.6446,1.0,1
36.54,0.0,0.7769,1.0,0
41.17,0.0,0.5372,1.0,0
956.36,0.0,0.2645,1.0,0
41.17,0.0,0.2231,1.0,0
23.85,4.0,0.405,1.0,1
36.54,2.0,0.6116,1.0,1
250.65,2.0,0.1074,1.0,0
36.54,0.0,0.9421,1.0,0
36.54,0.0,0.4545,1.0,0
24.87,0.0,0.7521,1.0,0
0.0,0.0,0.9504,1.0,0
55.59,2.0,0.6694,1.0,1
2.94,0.0,0.314,1.0,0
1043.87,2.0,0.3223,1.0,0
269.98,0.0,0.1736,1.0,0
55.59,2.0,0.719,1.0,1
1416.57,0.0,0.0909,1.0,0
36.54,0.0,0.1157,1.0,1
250.65,0.0,0.4793,1.0,0
0.0,0.0,0.6198,1.0,1
0.0,0.0,0.6446,1.0,0
21.98,2.0,0.3223,1.0,1
86.18,0.0,0.3884,1.0,1
36.54,2.0,0.2727,1.0,1
2.94,0.0,0.9587,1.0,0
23.85,0.0,0.3223,1.0,1
24.87,0.0,0.8678,1.0,0
21.98,1.0,0.5537,1.0,1
36.54,0.0,0.5702,1.0,0
250.65,0.0,0.3554,1.0,0
0.0,1.0,0.3306,1.0,1
1416.57,0.0,0.9669,1.0,0
956.36,3.0,0.2645,1.0,0
2.94,3.0,0.157,1.0,1
36.54,3.0,0.5702,1.0,1
269.98,3.0,0.7934,1.0,0
24.87,0.0,1.0579,1.0,0
23.85,0.0,0.9174,1.0,0
23.85,0.0,0.2562,1.0,0
86.18,0.0,0.8678,1.0,1
426.41,3.0,0.314,1.0,0
269.98,0.0,0.9256,1.0,0
86.18,0.0,0.9256,1.0,0
269.98,2.0,0.2231,1.0,0
1416.57,0.0,0.1322,1.0,0
269.98,4.0,0.2149,1.0,0
21.98,0.0,0.2231,1.0,0
55.59,0.0,0.3306,1.0,1
426.41,0.0,0.9504,1.0,0
1043.87,4.0,0.8264,1.0,0
426.41,0.0,0.0992,1.0,0
2.94,2.0,0.5041,1.0,1
55.59,0.0,0.6198,1.0,0
23.85,1.0,0.0661,1.0,1
196.45,0.0,0.1736,1.0,0
36.54,4.0,0.5537,1.0,1
55.59,0.0,1.0909,1.0,0
269.98,4.0,0.3058,1.0,0
24.87,0.0,0.4628,1.0,0
24.87,0.0,0.6203,1.0,0
55.59,1.0,0.1899,1.0,1
269.98,0.0,0.2089,1.0,0
0.0,0.0,0.0506,1.0,0
36.54,0.0,0.4557,1.0,0
41.17,0.0,0.3291,1.0,0
0.0,0.0,0.1266,1.0,0
21.98,0.0,0.2848,1.0,1
21.98,2.0,0.4367,1.0,1
269.98,1.0,0.0696,1.0,0
196.45,0.0,0.3354,1.0,0
55.59,1.0,0.4557,1.0,1
24.87,0.0,0.1899,1.0,0
0.0,0.0,0.2089,1.0,0
426.41,2.0,0.519,1.0,0
269.98,0.0,0.0696,1.0,0
0.0,0.0,0.3228,1.0,0
55.59,0.0,0.0633,1.0,0
23.85,4.0,0.4747,1.0,1
41.17,4.0,0.5316,1.0,1
196.45,0.0,0.2595,1.0,0
21.98,2.0,0.5759,1.0,1
24.87,3.0,0.4747,1.0,1
269.98,0.0,0.5127,1.0,0
250.65,0.0,0.7468,1.0,0
0.0,1.0,0.5316,1.0,1
41.17,0.0,0.1203,1.0,0
86.18,0.0,0.3987,1.0,0
956.36,0.0,0.6266,1.0,0
21.98,0.0,0.2911,1.0,0
55.59,0.0,0.2848,1.0,0
1416.57,0.0,0.0696,1.0,0
956.36,0.0,0.0506,1.0,0
2.94,0.0,0.3608,1.0,0
21.98,0.0,0.0696,1.0,0
250.65,0.0,0.1709,1.0,0
1043.87,1.0,0.3038,1.0,0
956.36,0.0,0.1203,1.0,0
269.98,3.0,0.1076,1.0,0
86.18,3.0,0.2278,1.0,1
250.65,0.0,0.6709,1.0,0
0.0,0.0,0.3861,1.0,0
21.98,0.0,0.5633,1.0,0
23.85,0.0,0.1899,1.0,0
36.54,0.0,0.1203,1.0,0
956.36,0.0,0.2405,1.0,0
2.94,1.0,0.6646,1.0,1
55.59,0.0,0.2152,1.0,0
36.54,1.0,0.2532,1.0,1
24.87,0.0,0.6582,1.0,0
0.0,2.0,0.2089,1.0,1
21.98,0.0,0.2595,1.0,1
196.45,0.0,0.1392,1.0,0
21.98,0.0,0.557,1.0,0
21.98,0.0,0.6772,1.0,0
36.54,0.0,0.557,1.0,0
250.65,0.0,0.2658,1.0,0
1043.87,0.0,0.6582,1.0,0
21.98,0.0,0.1139,1.0,0
1043.87,0.0,0.4873,1.0,0
0.0,0.0,0.1203,1.0,0
55.59,0.0,0.0759,1.0,0
269.98,3.0,0.6392,1.0,0
2.94,1.0,0.3354,1.0,1
24.87,0.0,0.1266,1.0,0
956.36,0.0,0.2658,1.0,0
55.59,0.0,0.5949,1.0,0
1043.87,0.0,0.6582,1.0,0
426.41,0.0,0.2405,1.0,0
250.65,0.0,0.0759,1.0,0
24.87,0.0,0.3671,1.0,0
0.0,0.0,0.1519,1.0,0
86.18,4.0,0.3544,1.0,1
250.65,0.0,0.1962,1.0,0
21.98,0.0,0.038,1.0,0
86.18,0.0,0.5253,1.0,0
0.0,1.0,0.4557,1.0,1
36.54,0.0,0.7405,1.0,0
956.36,0.0,0.3608,1.0,0
269.98,0.0,0.4241,1.0,0
269.98,0.0,0.0506,1.0,0
269.98,0.0,0.0633,1.0,0
2.94,0.0,0.5696,1.0,1
2.94,0.0,0.2342,1.0,0
196.45,0.0,0.2911,1.0,0
269.98,0.0,0.1519,1.0,0
23.85,2.0,0.4557,1.0,1
1416.57,0.0,0.1266,1.0,0
0.0,1.0,0.4177,1.0,1
1416.57,0.0,0.0759,1.0,0
196.45,3.0,0.7595,1.0,0
86.18,0.0,0.1266,1.0,0
86.18,0.0,0.5063,1.0,0
23.85,0.0,0.3418,1.0,0
269.98,0.0,0.1013,1.0,0
55.59,0.0,0.4557,1.0,0
0.0,0.0,0.1456,1.0,0
36.54,0.0,0.6203,1.0,0
1416.57,0.0,0.7025,1.0,0
2.94,3.0,0.1013,1.0,1
36.54,0.0,0.0949,1.0,0
0.0,2.0,0.1392,1.0,1
36.54,0.0,0.1076,1.0,0
0.0,0.0,0.5886,1.0,0
36.54,0.0,0.0696,1.0,0
269.98,0.0,0.0443,1.0,0
250.65,1.0,0.3671,1.0,0
86.18,0.0,0.462,1.0,0
250.65,0.0,0.4177,1.0,0
36.54,0.0,0.1582,1.0,0
0.0,0.0,0.3608,1.0,0
21.98,0.0,0.2342,1.0,0
21.98,0.0,0.5,1.0,0
2.94,0.0,0.6582,1.0,0
55.59,0.0,0.1582,1.0,0
36.54,0.0,0.5253,1.0,0
269.98,0.0,0.6962,1.0,0
36.54,0.0,0.2722,1.0,0
196.45,0.0,0.2595,1.0,0
86.18,0.0,0.1076,1.0,1
0.0,1.0,0.0696,1.0,1
24.87,0.0,0.2025,1.0,1
1416.57,1.0,0.3101,1.0,0
1416.57,3.0,0.4367,1.0,0
956.36,0.0,0.1392,1.0,0
23.85,0.0,0.3038,1.0,0
0.0,3.0,0.6329,1.0,1
86.18,1.0,0.4304,1.0,1
23.85,1.0,0.3671,1.0,1
0.0,2.0,0.2911,1.0,1
0.0,0.0,0.4937,1.0,0
36.54,3.0,0.5949,1.0,1
41.17,1.0,0.4114,1.0,1
956.36,0.0,0.2025,1.0,0
41.17,2.0,0.1709,1.0,1
23.85,0.0,0.3101,1.0,0
36.54,0.0,0.4684,1.0,0
250.65,0.0,0.0823,1.0,0
36.54,3.0,0.7215,1.0,1
36.54,1.0,0.3481,1.0,1
24.87,1.0,0.5759,1.0,1
0.0,3.0,0.7278,1.0,1
55.59,0.0,0.5127,1.0,0
2.94,0.0,0.2405,1.0,0
1043.87,0.0,0.2468,1.0,0
269.98,2.0,0.1329,1.0,0
55.59,0.0,0.5506,1.0,0
1416.57,0.0,0.0696,1.0,0
36.54,0.0,0.0886,1.0,0
250.65,1.0,0.3671,1.0,0
0.0,0.0,0.4747,1.0,0
0.0,0.0,0.4937,1.0,0
21.98,0.0,0.2468,1.0,0
86.18,0.0,0.2975,1.0,0
36.54,0.0,0.2089,1.0,0
2.94,3.0,0.7342,1.0,1
23.85,0.0,0.2468,1.0,0
24.87,2.0,0.6646,1.0,1
21.98,0.0,0.4241,1.0,0
36.54,4.0,0.4367,1.0,1
250.65,1.0,0.2722,1.0,0
0.0,0.0,0.2532,1.0,0
1416.57,0.0,0.7405,1.0,0
956.36,0.0,0.2025,1.0,0
2.94,0.0,0.1203,1.0,0
36.54,0.0,0.4367,1.0,0
269.98,0.0,0.6076,1.0,0
24.87,1.0,0.8101,1.0,1
23.85,0.0,0.7025,1.0,0
23.85,2.0,0.1962,1.0,1
86.18,0.0,0.6646,1.0,0
426.41,0.0,0.2405,1.0,0
269.98,0.0,0.7089,1.0,0
86.18,0.0,0.7089,1.0,0
269.98,0.0,0.1709,1.0,0
1416.57,0.0,0.1013,1.0,0
269.98,0.0,0.1646,1.0,0
21.98,0.0,0.1709,1.0,0
55.59,0.0,0.2532,1.0,0
426.41,0.0,0.7278,1.0,0
1043.87,0.0,0.6329,1.0,0
426.41,4.0,0.0759,1.0,0
2.94,0.0,0.3861,1.0,0
55.59,0.0,0.4747,1.0,0
23.85,0.0,0.0506,1.0,0
196.45,4.0,0.1329,1.0,0
36.54,0.0,0.4241,1.0,0
55.59,3.0,0.8354,1.0,1
269.98,0.0,0.2342,1.0,0
24.87,2.0,0.3544,1.0,1
17.53,4.0,2.3902,0.0015,0
80.11,0.0,0.7317,-0.0247,0
260.28,0.0,0.8049,0.9546,0
92.42,3.0,0.1951,-0.0003,0
59.28,0.0,1.7561,0.0061,0
43.19,1.0,1.2683,-0.0146,0
0.0,1.0,0.4878,0.938,1
22.3,1.0,1.0976,0.0143,0
22.3,0.0,1.6829,0.0175,0
260.28,1.0,0.2683,0.9683,0
196.59,3.0,1.2927,0.013,0
80.11,0.0,1.7561,-0.0183,0
17.53,0.0,0.7317,-0.0164,0
92.42,1.0,0.8049,0.8938,1
426.51,0.0,2.0,0.0104,0
260.28,2.0,0.2683,0.0473,0
0.0,0.0,1.2439,0.0162,0
80.11,1.0,0.2439,-0.0055,0
23.87,0.0,1.8293,0.0132,0
43.19,0.0,2.0488,-0.022,0
196.59,3.0,1.0,0.9551,0
22.3,0.0,2.2195,0.0229,0
17.53,0.0,1.8293,0.0183,0
260.28,0.0,1.9756,0.0101,0
269.53,2.0,2.878,0.0015,0
92.42,2.0,2.0488,0.9624,0
43.19,0.0,0.4634,-0.0162,0
0.0,0.0,1.5366,0.9685,0
956.68,0.0,2.4146,0.0008,0
22.3,2.0,1.122,0.971,0
80.11,2.0,1.0976,0.954,0
1417.06,2.0,0.2683,0.0217,0
956.68,2.0,0.1951,0.9673,0
0.21,1.0,1.3902,0.0055,0
22.3,2.0,0.2683,0.9359,1
269.53,2.0,0.6585,0.9624,0
1017.39,0.0,1.1707,-0.0065,0
956.68,0.0,0.4634,-0.001,0
260.28,0.0,0.4146,0.0037,0
0.0,0.0,0.878,-0.0134,0
269.53,3.0,2.5854,0.0066,0
92.42,3.0,1.4878,0.0037,0
22.3,3.0,2.1707,0.9526,0
23.87,0.0,0.7317,0.9506,1
59.28,1.0,0.4634,0.0092,0
956.68,1.0,0.9268,0.0205,0
0.21,0.0,2.561,0.0084,0
80.11,0.0,0.8293,0.9631,1
59.28,0.0,0.9756,-0.0182,0
17.53,0.0,2.5366,0.0483,0
0.0,0.0,0.8049,0.004,0
22.3,0.0,1.0,0.9607,1
196.59,0.0,0.5366,0.0299,0
22.3,0.0,2.1463,0.0101,0
22.3,3.0,2.6098,0.9689,0
59.28,3.0,2.1463,0.0187,0
269.53,2.0,1.0244,0.9699,0
1017.39,0.0,2.5366,0.0304,0
22.3,1.0,0.439,0.9712,1
1017.39,0.0,1.878,0.0455,0
0.0,2.0,0.4634,-0.0046,0
80.11,1.0,0.2927,0.9618,1
260.28,0.0,2.4634,0.0076,0
0.21,0.0,1.2927,0.9379,0
17.53,1.0,0.4878,0.0095,0
956.68,3.0,1.0244,-0.0245,0
80.11,1.0,2.2927,0.8916,0
1017.39,4.0,2.5366,0.9551,0
426.51,0.0,0.9268,0.8878,0
269.53,2.0,0.2927,0.9361,0
17.53,1.0,1.4146,-0.0058,0
92.42,1.0,0.5854,0.0022,0
0.0,0.0,1.3659,0.018,0
269.53,2.0,0.7561,0.0088,0
22.3,0.0,0.1463,0.9665,0
0.0,0.0,2.0244,0.9359,0
92.42,0.0,1.7561,-0.0218,0
59.28,2.0,2.8537,-0.017,0
956.68,0.0,1.3902,-0.0013,0
260.28,3.0,1.6341,0.9514,0
260.28,0.0,0.1951,0.06,0
260.28,0.0,0.2439,-0.0006,0
0.21,1.0,2.1951,0.0443,0
0.21,1.0,0.9024,0.9666,1
196.59,1.0,1.122,0.0069,0
260.28,1.0,0.5854,0.9588,0
23.87,0.0,1.7561,0.8946,0
1417.06,0.0,0.4878,0.0212,0
0.0,0.0,1.6098,0.0112,0
1417.06,1.0,0.2927,0.0057,0
196.59,0.0,2.9268,0.9677,0
0.0,1.0,0.4878,0.9391,1
0.0,1.0,1.9512,0.8946,0
23.87,4.0,1.3171,0.0286,0
260.28,0.0,0.3902,0.9375,0
80.11,0.0,1.7561,0.9531,0
0.0,3.0,0.561,0.0093,0
59.28,0.0,2.3902,0.9711,0
1417.06,1.0,2.7073,0.0116,0
0.21,0.0,0.3902,0.0136,0
59.28,3.0,0.3659,0.0149,0
92.42,0.0,0.5366,-0.0227,0
59.28,1.0,0.4146,0.0064,0
0.0,1.0,2.2683,0.0011,0
59.28,1.0,0.2683,0.9554,1
260.28,1.0,0.1707,0.0276,0
269.53,0.0,1.4146,-0.0162,0
0.0,1.0,1.7805,0.0329,0
269.53,2.0,1.6098,-0.0159,0
59.28,0.0,0.6098,0.0066,0
0.0,0.0,1.3902,0.9704,0
22.3,1.0,0.9024,0.9614,1
22.3,1.0,1.9268,0.0036,0
0.21,0.0,2.5366,-0.0046,0
80.11,3.0,0.6098,0.9689,1
59.28,0.0,2.0244,0.0586,0
260.28,0.0,2.6829,0.0614,0
59.28,0.0,1.0488,-0.0055,0
196.59,0.0,1.0,0.0264,0
0.0,1.0,0.4146,0.0059,0
92.42,0.0,0.2683,0.0024,0
17.53,3.0,0.7805,-0.0064,0
1417.06,1.0,1.1951,0.9655,0
1417.06,0.0,1.6829,0.0016,0
956.68,1.0,0.5366,-0.0176,0
23.87,1.0,1.1707,0.0092,0
0.0,0.0,2.439,-0.0163,0
0.0,0.0,1.6585,0.0101,0
23.87,0.0,1.4146,0.0006,0
92.42,0.0,1.122,-0.0185,0
0.0,1.0,1.9024,0.0004,0
59.28,0.0,2.2927,-0.0147,0
43.19,1.0,1.5854,0.0173,0
956.68,1.0,0.7805,0.9673,0
43.19,0.0,0.6585,0.0079,0
23.87,4.0,1.1951,0.0257,0
59.28,0.0,1.8049,0.8879,0
269.53,2.0,0.3171,0.9548,0
59.28,0.0,2.7805,0.0276,0
59.28,0.0,1.3415,-0.0226,0
17.53,0.0,2.2195,0.9685,0
0.0,0.0,2.8049,0.0263,0
80.11,2.0,1.9756,0.0229,0
0.21,1.0,0.9268,0.0052,0
1017.39,3.0,0.9512,0.8925,0
260.28,0.0,0.5122,-0.021,0
80.11,1.0,2.122,0.9497,0
1417.06,0.0,0.2683,0.0038,0
59.28,0.0,0.3415,-0.0161,0
269.53,0.0,1.4146,0.0129,0
92.42,0.0,1.8293,0.008,0
0.0,0.0,1.9024,-0.0282,0
22.3,4.0,0.9512,0.0061,0
0.0,1.0,1.1463,0.0291,0
59.28,2.0,0.8049,0.0127,0
0.21,0.0,2.8293,0.0245,0
23.87,0.0,0.9512,0.9682,0
17.53,0.0,2.561,0.9358,0
22.3,1.0,1.6341,-0.0153,0
59.28,0.0,1.6829,0.003,0
269.53,2.0,1.0488,0.0064,0
92.42,2.0,0.9756,-0.0023,0
1417.06,0.0,2.8537,0.956,0
956.68,2.0,0.7805,-0.0028,0
0.21,2.0,0.4634,0.0462,0
59.28,3.0,1.6829,0.9506,0
260.28,0.0,2.3415,0.969,0
17.53,0.0,3.122,0.026,0
23.87,2.0,2.7073,0.9395,0
23.87,0.0,0.7561,-0.0017,0
0.0,3.0,2.561,-0.0206,0
426.51,0.0,0.9268,0.0015,0
260.28,0.0,2.7317,0.0066,0
0.0,1.0,2.7317,0.0011,0
260.28,0.0,0.6585,0.0016,0
1417.06,3.0,0.3902,0.9507,0
260.28,3.0,0.6341,0.014,0
22.3,1.0,0.6585,0.0585,0
80.11,3.0,0.9756,-0.0208,0
426.51,1.0,2.8049,0.0069,0
1017.39,4.0,2.439,0.9547,0
426.51,0.0,0.2927,0.013,0
0.21,0.0,1.4878,0.9532,0
80.11,1.0,1.8293,0.0291,0
23.87,1.0,0.1951,0.013,0
196.59,0.0,0.5122,0.0101,0
59.28,3.0,1.6341,0.9355,0
80.11,0.0,3.2195,0.0281,0
260.28,2.0,0.9024,0.0009,0
17.53,0.0,1.3659,-0.0019,0
198.13,0.0,1.1529,0.0015,0
465.85,0.0,0.3529,-0.0556,0
665.72,2.0,0.3882,-0.0682,0
429.07,2.0,0.0941,-0.0639,0
116.58,1.0,0.8471,-0.0298,0
43.45,1.0,0.6118,-0.0189,0
0.0,1.0,0.2353,-0.0403,0
22.3,0.0,0.5294,0.0143,0
22.3,0.0,0.8118,-0.0209,0
665.72,0.0,0.1294,0.9683,0
99.05,3.0,0.6235,0.013,0
465.85,0.0,0.8471,-0.0183,0
198.13,0.0,0.3529,-0.0164,0
429.07,1.0,0.3882,-0.0663,0
0.0,0.0,0.9647,0.0104,0
665.72,2.0,0.1294,0.0109,0
0.0,1.0,0.6,0.0162,0
465.85,0.0,0.1176,-0.0055,0
18.16,0.0,0.8824,0.0132,0
43.45,0.0,0.9882,-0.022,0
99.05,1.0,0.4824,-0.0658,0
22.3,0.0,1.0706,-0.0208,0
198.13,0.0,0.8824,-0.0194,0
665.72,3.0,0.9529,-0.0332,0
671.49,0.0,1.3882,0.0015,0
429.07,0.0,0.9882,0.9624,0
43.45,3.0,0.2235,-0.0162,0
405.14,2.0,0.7412,0.9685,0
535.43,1.0,1.1647,0.0008,0
22.3,0.0,0.5412,-0.0864,0
465.85,2.0,0.5294,-0.0646,0
996.87,3.0,0.1294,-0.018,0
535.43,2.0,0.0941,0.9673,0
14.79,2.0,0.6706,-0.0283,0
22.3,3.0,0.1294,-0.0465,0
671.49,2.0,0.3176,0.9624,0
1401.68,0.0,0.5647,-0.0065,0
535.43,0.0,0.2235,-0.001,0
665.72,0.0,0.2,-0.0298,0
405.14,0.0,0.4235,-0.0134,0
671.49,0.0,1.2471,0.001,0
429.07,3.0,0.7176,-0.0278,0
22.3,2.0,1.0471,-0.0607,0
18.16,4.0,0.3529,0.9506,1
116.58,2.0,0.2235,0.0092,0
535.43,1.0,0.4471,-0.0112,0
14.79,0.0,1.2353,0.0084,0
465.85,4.0,0.4,0.9631,0
116.58,0.0,0.4706,-0.0182,0
198.13,0.0,1.2235,0.0068,0
0.0,0.0,0.3882,-0.0051,0
22.3,0.0,0.4824,0.9607,0
99.05,0.0,0.2588,0.0162,0
22.3,3.0,1.0353,-0.0176,0
22.3,3.0,1.2588,0.9689,0
116.58,0.0,1.0353,-0.0246,0
671.49,0.0,0.4941,0.9699,0
1401.68,3.0,1.2235,0.0091,0
22.3,1.0,0.2118,0.9712,1
1401.68,2.0,0.9059,0.013,0
0.0,0.0,0.2235,-0.0046,0
465.85,0.0,0.1412,0.9618,0
665.72,0.0,1.1882,0.0076,0
14.79,0.0,0.6235,-0.0398,0
198.13,2.0,0.2353,-0.0165,0
535.43,0.0,0.4941,-0.0556,0
465.85,0.0,1.1059,-0.0738,0
1401.68,2.0,1.2235,-0.0658,0
0.0,1.0,0.4471,-0.0661,0
671.49,0.0,0.1412,-0.0444,0
198.13,1.0,0.6824,-0.0058,0
429.07,0.0,0.2824,-0.0004,0
405.14,0.0,0.6588,-0.0262,0
671.49,0.0,0.3647,-0.0193,0
22.3,2.0,0.0706,0.9665,1
405.14,2.0,0.9765,-0.0465,0
429.07,0.0,0.8471,-0.0232,0
116.58,2.0,1.3765,-0.018,0
535.43,1.0,0.6706,-0.0013,0
665.72,3.0,0.7882,-0.067,0
665.72,1.0,0.0941,0.06,0
665.72,0.0,0.1176,-0.0006,0
14.79,0.0,1.0588,0.0169,0
14.79,1.0,0.4353,0.9666,1
99.05,0.0,0.5412,0.0069,0
665.72,1.0,0.2824,0.9588,0
18.16,0.0,0.8471,-0.0719,0
996.87,0.0,0.2353,-0.0199,0
0.0,0.0,0.7765,-0.0307,0
996.87,1.0,0.1412,0.0057,0
99.05,0.0,1.4118,0.9677,0
405.14,1.0,0.2353,-0.0456,0
405.14,4.0,0.9412,-0.0706,0
18.16,2.0,0.6353,0.0056,0
665.72,1.0,0.1882,-0.0399,0
465.85,2.0,0.8471,-0.0611,0
0.0,0.0,0.2706,0.0093,0
116.58,2.0,1.1529,-0.0783,0
996.87,0.0,1.3059,-0.0174,0
14.79,0.0,0.1882,0.0136,0
116.58,2.0,0.1765,0.0097,0
429.07,0.0,0.2588,-0.056,0
116.58,0.0,0.2,-0.0144,0
0.0,1.0,1.0941,-0.0327,0
116.58,1.0,0.1294,0.9554,1
665.72,0.0,0.0824,0.0145,0
671.49,0.0,0.6824,-0.0162,0
405.14,0.0,0.8588,0.0101,0
671.49,0.0,0.7765,-0.0159,0
116.58,0.0,0.2941,0.001,0
0.0,0.0,0.6706,0.9704,0
22.3,1.0,0.4353,0.9614,1
22.3,1.0,0.9294,-0.0652,0
14.79,2.0,1.2235,-0.0046,0
465.85,2.0,0.2941,0.9689,0
116.58,0.0,0.9765,0.0586,0
665.72,0.0,1.2941,0.0614,0
116.58,0.0,0.5059,-0.0055,0
99.05,1.0,0.4824,-0.0257,0
405.14,0.0,0.2,0.0059,0
429.07,0.0,0.1294,0.0024,0
198.13,0.0,0.3765,-0.0064,0
996.87,0.0,0.5765,0.9655,0
996.87,0.0,0.8118,-0.0632,0
535.43,0.0,0.2588,-0.0229,0
18.16,3.0,0.5647,-0.021,0
0.0,0.0,1.1765,-0.0163,0
405.14,0.0,0.8,-0.0176,0
18.16,0.0,0.6824,0.0006,0
429.07,0.0,0.5412,-0.0256,0
0.0,0.0,0.9176,-0.0341,0
116.58,0.0,1.1059,-0.0152,0
43.45,0.0,0.7647,0.0173,0
535.43,0.0,0.3765,0.9673,0
43.45,0.0,0.3176,0.0079,0
18.16,3.0,0.5765,-0.0241,0
116.58,3.0,0.8706,-0.0697,0
671.49,1.0,0.1529,-0.0681,0
116.58,0.0,1.3412,0.0094,0
116.58,0.0,0.6471,-0.0226,0
198.13,0.0,1.0706,0.9685,0
0.0,0.0,1.3529,0.0107,0
465.85,1.0,0.9529,-0.0208,0
14.79,0.0,0.4471,0.0052,0
1401.68,1.0,0.4588,-0.0655,0
665.72,0.0,0.2471,-0.0538,0
465.85,2.0,1.0235,-0.0653,0
996.87,0.0,0.1294,0.0038,0
116.58,1.0,0.1647,-0.0161,0
671.49,0.0,0.6824,0.0129,0
429.07,1.0,0.8824,0.008,0
0.0,0.0,0.9176,-0.0576,0
22.3,1.0,0.4588,0.0061,0
405.14,0.0,0.5529,0.0158,0
116.58,2.0,0.3882,0.0127,0
14.79,0.0,1.3647,-0.0213,0
18.16,1.0,0.4588,0.9682,1
198.13,0.0,1.2353,-0.043,0
22.3,1.0,0.7882,-0.0153,0
116.58,0.0,0.8118,-0.0684,0
671.49,0.0,0.5059,-0.0144,0
429.07,0.0,0.4706,-0.0023,0
996.87,0.0,1.3765,0.956,0
535.43,3.0,0.3765,-0.0028,0
14.79,3.0,0.2235,0.0174,0
116.58,2.0,0.8118,0.9506,1
665.72,3.0,1.1294,0.969,0
198.13,0.0,1.5059,0.0051,0
18.16,0.0,1.3059,-0.0364,0
18.16,0.0,0.3647,-0.0038,0
405.14,0.0,1.2353,-0.0206,0
0.0,4.0,0.4471,0.0015,0
665.72,0.0,1.3176,0.0066,0
405.14,0.0,1.3176,-0.0327,0
665.72,3.0,0.3176,0.0016,0
996.87,0.0,0.1882,0.9507,0
665.72,4.0,0.3059,0.014,0
22.3,0.0,0.3176,0.0585,0
465.85,0.0,0.4706,-0.0531,0
0.0,0.0,1.3529,0.0069,0
1401.68,3.0,1.1765,0.9547,0
0.0,0.0,0.1412,0.013,0
14.79,3.0,0.7176,-0.0601,0
465.85,0.0,0.8824,0.0158,0
18.16,0.0,0.0941,0.013,0
99.05,0.0,0.2471,-0.0185,0
116.58,4.0,0.7882,-0.0464,0
465.85,0.0,1.5529,0.0064,0
665.72,4.0,0.4353,-0.0013,0
198.13,0.0,0.6588,-0.0019,0
17.53,4.0,1.2727,1.0,0
80.11,0.0,0.3896,1.0,0
260.28,0.0,0.4286,1.0,0
92.42,2.0,0.1039,1.0,1
59.28,0.0,0.9351,1.0,0
43.19,0.0,0.6753,1.0,1
0.0,0.0,0.2597,1.0,0
22.3,2.0,0.5844,1.0,1
22.3,0.0,0.8961,1.0,0
260.28,3.0,0.1429,1.0,0
196.59,1.0,0.6883,1.0,0
80.11,0.0,0.9351,1.0,0
17.53,0.0,0.3896,1.0,0
92.42,0.0,0.4286,1.0,1
426.51,0.0,1.0649,1.0,0
260.28,1.0,0.1429,1.0,0
0.0,0.0,0.6623,1.0,0
80.11,1.0,0.1299,1.0,1
23.87,1.0,0.974,1.0,1
43.19,0.0,1.0909,1.0,0
196.59,3.0,0.5325,1.0,0
22.3,0.0,1.1818,1.0,0
17.53,0.0,0.974,1.0,0
260.28,0.0,1.0519,1.0,0
269.53,2.0,1.5325,1.0,0
92.42,4.0,1.0909,1.0,0
43.19,0.0,0.2468,1.0,0
0.0,0.0,0.8182,1.0,0
956.68,0.0,1.2857,1.0,0
22.3,2.0,0.5974,1.0,1
80.11,0.0,0.5844,1.0,1
1417.06,0.0,0.1429,1.0,0
956.68,0.0,0.1039,1.0,0
0.21,0.0,0.7403,1.0,0
22.3,0.0,0.1429,1.0,1
269.53,0.0,0.3506,1.0,0
1017.39,0.0,0.6234,1.0,0
956.68,1.0,0.2468,1.0,0
260.28,0.0,0.2208,1.0,0
0.0,2.0,0.4675,1.0,1
269.53,3.0,1.3766,1.0,0
92.42,1.0,0.7922,1.0,1
22.3,2.0,1.1558,1.0,0
23.87,0.0,0.3896,1.0,0
59.28,0.0,0.2468,1.0,0
956.68,1.0,0.4935,1.0,0
0.21,0.0,1.3636,1.0,0
80.11,0.0,0.4416,1.0,0
59.28,0.0,0.5195,1.0,0
17.53,0.0,1.3506,1.0,0
0.0,0.0,0.4286,1.0,0
22.3,1.0,0.5325,1.0,1
196.59,0.0,0.2857,1.0,0
22.3,0.0,1.1429,1.0,0
22.3,1.0,1.3896,1.0,0
59.28,3.0,1.1429,1.0,0
269.53,2.0,0.5455,1.0,0
1017.39,0.0,1.3506,1.0,0
22.3,1.0,0.2338,1.0,1
1017.39,0.0,1.0,1.0,0
0.0,2.0,0.2468,1.0,1
80.11,1.0,0.1558,1.0,1
260.28,2.0,1.3117,1.0,0
0.21,2.0,0.6883,1.0,1
17.53,0.0,0.2597,1.0,0
956.68,4.0,0.5455,1.0,0
80.11,1.0,1.2208,1.0,0
1017.39,3.0,1.3506,1.0,0
426.51,0.0,0.4935,1.0,0
269.53,3.0,0.1558,1.0,0
17.53,0.0,0.7532,1.0,1
92.42,1.0,0.3117,1.0,1
0.0,0.0,0.7273,1.0,0
269.53,2.0,0.4026,1.0,0
22.3,0.0,0.0779,1.0,0
0.0,0.0,1.0779,1.0,0
92.42,0.0,0.9351,1.0,0
59.28,0.0,1.5195,1.0,0
956.68,0.0,0.7403,1.0,0
260.28,1.0,0.8701,1.0,0
260.28,0.0,0.1039,1.0,0
260.28,0.0,0.1299,1.0,0
0.21,2.0,1.1688,1.0,0
0.21,0.0,0.4805,1.0,1
196.59,1.0,0.5974,1.0,0
260.28,0.0,0.3117,1.0,0
23.87,0.0,0.9351,1.0,1
1417.06,0.0,0.2597,1.0,0
0.0,0.0,0.8571,1.0,0
1417.06,1.0,0.1558,1.0,0
196.59,0.0,1.5584,1.0,0
0.0,0.0,0.2597,1.0,0
0.0,0.0,1.039,1.0,0
23.87,3.0,0.7013,1.0,1
260.28,0.0,0.2078,1.0,0
80.11,0.0,0.9351,1.0,0
0.0,3.0,0.2987,1.0,1
59.28,0.0,1.2727,1.0,0
1417.06,1.0,1.4416,1.0,0
0.21,0.0,0.2078,1.0,0
59.28,2.0,0.1948,1.0,1
92.42,0.0,0.2857,1.0,0
59.28,1.0,0.2208,1.0,1
0.0,1.0,1.2078,1.0,0
59.28,0.0,0.1429,1.0,0
260.28,1.0,0.0909,1.0,0
269.53,0.0,0.7532,1.0,0
0.0,1.0,0.9481,1.0,1
269.53,3.0,0.8571,1.0,0
59.28,0.0,0.3247,1.0,0
0.0,0.0,0.7403,1.0,0
22.3,0.0,0.4805,1.0,0
22.3,0.0,1.026,1.0,0
0.21,0.0,1.3506,1.0,0
80.11,2.0,0.3247,1.0,1
59.28,0.0,1.0779,1.0,0
260.28,0.0,1.4286,1.0,0
59.28,0.0,0.5584,1.0,0
196.59,0.0,0.5325,1.0,0
0.0,2.0,0.2208,1.0,1
92.42,1.0,0.1429,1.0,1
17.53,4.0,0.4156,1.0,1
1417.06,3.0,0.6364,1.0,0
1417.06,1.0,0.8961,1.0,0
956.68,1.0,0.2857,1.0,0
23.87,0.0,0.6234,1.0,0
0.0,0.0,1.2987,1.0,0
0.0,0.0,0.8831,1.0,0
23.87,0.0,0.7532,1.0,0
92.42,0.0,0.5974,1.0,0
0.0,1.0,1.013,1.0,0
59.28,0.0,1.2208,1.0,0
43.19,3.0,0.8442,1.0,1
956.68,1.0,0.4156,1.0,0
43.19,2.0,0.3506,1.0,1
23.87,2.0,0.6364,1.0,1
59.28,0.0,0.961,1.0,0
269.53,2.0,0.1688,1.0,0
59.28,0.0,1.4805,1.0,0
59.28,0.0,0.7143,1.0,1
17.53,0.0,1.1818,1.0,0
0.0,1.0,1.4935,1.0,0
80.11,2.0,1.0519,1.0,0
0.21,1.0,0.4935,1.0,1
1017.39,3.0,0.5065,1.0,0
260.28,2.0,0.2727,1.0,0
80.11,0.0,1.1299,1.0,0
1417.06,0.0,0.1429,1.0,0
59.28,0.0,0.1818,1.0,0
269.53,0.0,0.7532,1.0,0
92.42,0.0,0.974,1.0,0
0.0,0.0,1.013,1.0,0
22.3,4.0,0.5065,1.0,1
0.0,1.0,0.6104,1.0,1
59.28,1.0,0.4286,1.0,1
0.21,0.0,1.5065,1.0,0
23.87,0.0,0.5065,1.0,0
17.53,1.0,1.3636,1.0,0
22.3,1.0,0.8701,1.0,1
59.28,0.0,0.8961,1.0,0
269.53,4.0,0.5584,1.0,0
92.42,2.0,0.5195,1.0,1
1417.06,0.0,1.5195,1.0,0
956.68,0.0,0.4156,1.0,0
0.21,0.0,0.2468,1.0,1
59.28,2.0,0.8961,1.0,1
260.28,0.0,1.2468,1.0,0
17.53,2.0,1.6623,1.0,0
23.87,2.0,1.4416,1.0,0
23.87,0.0,0.4026,1.0,0
0.0,3.0,1.3636,1.0,0
426.51,0.0,0.4935,1.0,0
260.28,1.0,1.4545,1.0,0
0.0,1.0,1.4545,1.0,0
260.28,0.0,0.3506,1.0,0
1417.06,3.0,0.2078,1.0,0
260.28,1.0,0.3377,1.0,0
22.3,1.0,0.3506,1.0,1
80.11,3.0,0.5195,1.0,1
426.51,1.0,1.4935,1.0,0
1017.39,2.0,1.2987,1.0,0
426.51,0.0,0.1558,1.0,0
0.21,0.0,0.7922,1.0,0
80.11,1.0,0.974,1.0,1
23.87,1.0,0.1039,1.0,1
196.59,0.0,0.2727,1.0,0
59.28,1.0,0.8701,1.0,1
80.11,0.0,1.7143,1.0,0
260.28,0.0,0.4805,1.0,0
17.53,0.0,0.7273,1.0,0
207.53,2.0,2.7222,0.1014,0
0.0,0.0,0.8333,0.133,0
216.47,2.0,0.9167,0.0103,0
55.25,3.0,0.2222,0.966,1
308.98,0.0,2.0,0.975,0
400.83,1.0,1.4444,0.0369,0
403.27,1.0,0.5556,0.0259,0
404.92,0.0,1.25,0.9828,0
404.92,0.0,1.9167,-0.0447,0
216.47,0.0,0.3056,0.0135,0
594.92,3.0,1.4722,0.948,0
0.0,0.0,2.0,0.0595,0
207.53,0.0,0.8333,0.9753,0
55.25,1.0,0.9167,0.0835,0
765.12,0.0,2.2778,0.974,0
216.47,2.0,0.3056,0.9432,0
403.27,0.0,1.4167,0.9797,0
0.0,1.0,0.2778,-0.0232,0
427.06,0.0,2.0833,0.9814,0
400.83,0.0,2.3333,0.9758,0
594.92,3.0,1.1389,0.0082,0
404.92,0.0,2.5278,0.9511,0
207.53,0.0,2.0833,-0.0445,0
216.47,1.0,2.25,0.1057,0
205.49,1.0,3.2778,0.0927,0
55.25,0.0,2.3333,0.0414,0
400.83,1.0,0.5278,0.9766,0
0.0,0.0,1.75,0.0193,0
1293.48,0.0,2.75,-0.0082,0
404.92,0.0,1.2778,0.0152,0
0.0,2.0,1.25,0.0044,0
1750.52,3.0,0.3056,-0.0425,0
1293.48,2.0,0.2222,-0.006,0
388.54,2.0,1.5833,0.976,0
404.92,3.0,0.3056,0.0257,0
205.49,2.0,0.75,0.0414,0
988.8,0.0,1.3333,-0.0257,0
1293.48,0.0,0.5278,-0.0234,0
216.47,0.0,0.4722,0.9756,0
0.0,0.0,1.0,0.0811,0
205.49,1.0,2.9444,0.0606,0
55.25,3.0,1.6944,0.9764,0
404.92,3.0,2.4722,0.0036,0
427.06,2.0,0.8333,0.0018,0
308.98,2.0,0.5278,0.9716,0
1293.48,1.0,1.0556,-0.0484,0
388.54,0.0,2.9167,-0.0044,0
0.0,2.0,0.9444,0.0177,0
308.98,0.0,1.1111,0.0545,0
207.53,0.0,2.8889,0.9404,0
403.27,0.0,0.9167,0.0898,0
404.92,0.0,1.1389,0.0157,0
594.92,0.0,0.6111,0.9474,0
404.92,2.0,2.4444,0.9589,0
404.92,3.0,2.9722,-0.0038,0
308.98,2.0,2.4444,-0.0484,0
205.49,2.0,1.1667,0.0168,0
988.8,2.0,2.8889,0.9435,0
404.92,1.0,0.5,0.0194,0
988.8,0.0,2.1389,0.947,0
403.27,0.0,0.5278,-0.0212,0
0.0,1.0,0.3333,0.0479,0
216.47,0.0,2.8056,-0.0105,0
388.54,0.0,1.4722,0.0201,0
207.53,2.0,0.5556,0.9588,0
1293.48,1.0,1.1667,0.1394,0
0.0,1.0,2.6111,0.0809,0
988.8,4.0,2.8889,0.0082,0
765.12,1.0,1.0556,0.0808,0
205.49,0.0,0.3333,0.0171,0
207.53,1.0,1.6111,-0.0222,0
55.25,0.0,0.6667,0.0642,0
0.0,0.0,1.5556,-0.0481,0
205.49,1.0,0.8611,0.958,0
404.92,0.0,0.1667,0.0124,0
0.0,0.0,2.3056,0.0257,0
55.25,0.0,2.0,0.9765,0
308.98,2.0,3.25,0.0381,0
1293.48,0.0,1.5833,-0.0309,0
216.47,3.0,1.8611,0.0124,0
216.47,0.0,0.2222,0.9227,0
216.47,0.0,0.2778,-0.0195,0
388.54,0.0,2.5,0.9451,0
388.54,1.0,1.0278,-0.0068,0
594.92,1.0,1.2778,0.9486,0
216.47,1.0,0.6667,0.0558,0
427.06,0.0,2.0,0.08,0
1750.52,0.0,0.5556,-0.0476,0
403.27,0.0,1.8333,0.1112,0
1750.52,1.0,0.3333,0.071,0
594.92,0.0,3.3333,0.0098,0
0.0,1.0,0.5556,0.0312,0
0.0,3.0,2.2222,0.0791,0
427.06,4.0,1.5,0.9433,0
216.47,1.0,0.4444,0.0234,0
0.0,2.0,2.0,0.0065,0
403.27,2.0,0.6389,0.9512,0
308.98,0.0,2.7222,0.0116,0
1750.52,0.0,3.0833,0.1054,0
388.54,0.0,0.4444,0.9729,0
308.98,3.0,0.4167,0.9802,0
55.25,0.0,0.6111,0.1478,0
308.98,1.0,0.4722,0.959,0
403.27,1.0,2.5833,0.9768,0
308.98,1.0,0.3056,0.005,0
216.47,1.0,0.1944,0.9724,0
205.49,0.0,1.6111,0.9766,0
0.0,1.0,2.0278,0.9686,0
205.49,0.0,1.8333,0.0562,0
308.98,0.0,0.6944,0.0606,0
403.27,0.0,1.5833,-0.0071,0
404.92,1.0,1.0278,0.0461,0
404.92,1.0,2.1944,0.9641,0
388.54,0.0,2.8889,-0.0255,0
0.0,3.0,0.6944,0.0011,0
308.98,0.0,2.3056,0.9197,0
216.47,0.0,3.0556,0.9168,0
308.98,0.0,1.1944,-0.0225,0
594.92,1.0,1.1389,0.9534,0
0.0,0.0,0.4722,0.0702,0
55.25,0.0,0.3056,0.0636,0
207.53,1.0,0.8889,-0.0213,0
1750.52,0.0,1.3611,0.0128,0
1750.52,0.0,1.9167,0.9673,0
1293.48,0.0,0.6111,0.0824,0
427.06,3.0,1.3333,0.9592,0
403.27,0.0,2.7778,0.0564,0
0.0,0.0,1.8889,0.9589,0
427.06,0.0,1.6111,0.0804,0
55.25,0.0,1.2778,0.0698,0
403.27,1.0,2.1667,0.9769,0
308.98,0.0,2.6111,0.042,0
400.83,0.0,1.8056,0.9714,0
1293.48,0.0,0.8889,-0.0061,0
400.83,0.0,0.75,0.0648,0
427.06,4.0,1.3611,0.9525,0
308.98,1.0,2.0556,0.0841,0
205.49,2.0,0.3611,0.0089,0
308.98,0.0,3.1667,0.9701,0
308.98,0.0,1.5278,0.0647,0
207.53,0.0,2.5278,-0.0027,0
403.27,0.0,3.1944,0.9718,0
0.0,2.0,2.25,0.9511,0
388.54,0.0,1.0556,0.9491,0
988.8,3.0,1.0833,0.0847,0
216.47,0.0,0.5833,0.1477,0
0.0,2.0,2.4167,0.0145,0
1750.52,0.0,0.3056,0.0653,0
308.98,0.0,0.3889,0.0324,0
205.49,0.0,1.6111,0.9832,0
55.25,0.0,2.0833,0.0603,0
403.27,0.0,2.1667,0.1413,0
404.92,3.0,1.0833,0.0704,0
0.0,1.0,1.3056,0.9469,0
308.98,2.0,0.9167,0.9813,0
388.54,0.0,3.2222,0.9545,0
427.06,0.0,1.0833,0.0139,0
207.53,0.0,2.9167,0.0319,0
404.92,1.0,1.8611,0.0368,0
308.98,0.0,1.9167,0.9655,0
205.49,0.0,1.1944,0.959,0
55.25,2.0,1.1111,-0.0191,0
1750.52,0.0,3.25,0.011,0
1293.48,3.0,0.8889,0.0875,0
388.54,3.0,0.5278,0.9481,0
308.98,3.0,1.9167,0.0018,0
216.47,2.0,2.6667,-0.0064,0
207.53,0.0,3.5556,0.941,0
427.06,0.0,3.0833,0.0257,0
427.06,0.0,0.8611,0.0651,0
0.0,1.0,2.9167,0.0636,0
765.12,2.0,1.0556,0.0766,0
216.47,0.0,3.1111,0.0602,0
0.0,0.0,3.1111,0.9768,0
216.47,1.0,0.75,0.0732,0
1750.52,1.0,0.4444,-0.0025,0
216.47,4.0,0.7222,0.9736,0
404.92,0.0,0.75,0.9148,0
0.0,1.0,1.1111,0.1334,0
765.12,0.0,3.1944,-0.0044,0
988.8,4.0,2.7778,0.0082,0
765.12,0.0,0.3333,0.972,0
388.54,1.0,1.6944,0.0037,0
0.0,0.0,2.0833,0.9469,0
427.06,1.0,0.2222,0.9823,0
594.92,0.0,0.5833,0.9603,0
308.98,4.0,1.8611,0.0241,0
0.0,0.0,3.6667,0.9695,0
216.47,4.0,1.0278,0.1017,0
207.53,0.0,1.5556,0.0984,0
207.53,2.0,1.96,0.9351,0
0.0,0.0,0.6,0.9026,0
216.47,0.0,0.66,0.0169,0
55.25,0.0,0.16,-0.0084,0
308.98,0.0,1.44,-0.04,0
400.83,0.0,1.04,0.9469,0
403.27,0.0,0.4,-0.0539,0
404.92,2.0,0.9,0.0543,0
404.92,2.0,1.38,-0.0224,0
216.47,3.0,0.22,-0.0179,0
594.92,0.0,1.06,0.1547,0
0.0,1.0,1.44,-0.1147,0
207.53,0.0,0.6,-0.0103,0
55.25,0.0,0.66,-0.0226,0
765.12,0.0,1.64,0.0437,0
216.47,0.0,0.22,0.0989,0
403.27,0.0,1.02,0.0475,0
0.0,0.0,0.2,0.0194,0
427.06,4.0,1.5,0.0512,0
400.83,2.0,1.68,-0.017,0
594.92,0.0,0.82,0.0213,0
404.92,2.0,1.82,0.074,0
207.53,0.0,1.5,-0.0183,0
216.47,0.0,1.62,-0.1286,0
205.49,1.0,2.36,0.9397,0
55.25,4.0,1.68,0.0022,0
400.83,0.0,0.38,-0.0147,0
0.0,0.0,1.26,-0.0099,0
1293.48,0.0,1.98,-0.0224,0
404.92,2.0,0.92,-0.0232,0
0.0,0.0,0.9,0.0203,0
1750.52,0.0,0.22,-0.018,0
1293.48,0.0,0.16,-0.0056,0
388.54,0.0,1.14,-0.039,0
404.92,0.0,0.22,-0.0529,0
205.49,0.0,0.54,0.0022,0
988.8,1.0,0.96,0.0233,0
1293.48,1.0,0.38,0.0126,0
216.47,2.0,0.34,-0.0371,0
0.0,4.0,0.72,-0.0904,0
205.49,2.0,2.12,0.9561,0
55.25,0.0,1.22,-0.0361,0
404.92,0.0,1.78,0.0221,0
427.06,0.0,0.6,-0.0075,0
308.98,0.0,0.38,0.0373,0
1293.48,0.0,0.76,-0.0134,0
388.54,0.0,2.1,-0.0151,0
0.0,0.0,0.68,-0.0188,0
308.98,0.0,0.8,-0.1151,0
207.53,0.0,2.08,0.0957,0
403.27,2.0,0.66,0.9393,0
404.92,1.0,0.82,-0.0181,0
594.92,0.0,0.44,0.0548,0
404.92,0.0,1.76,-0.0027,0
404.92,0.0,2.14,-0.0033,0
308.98,1.0,1.76,-0.0236,0
205.49,0.0,0.84,-0.0095,0
988.8,0.0,2.08,0.0535,0
404.92,0.0,0.36,-0.0098,0
988.8,0.0,1.54,0.0998,0
403.27,2.0,0.38,0.0198,0
0.0,0.0,0.24,0.0111,0
216.47,4.0,2.02,-0.0223,0
388.54,2.0,1.06,-0.0521,0
207.53,0.0,0.4,-0.0043,0
1293.48,3.0,0.84,0.8927,0
0.0,0.0,1.88,-0.0271,0
988.8,0.0,2.08,0.0213,0
765.12,0.0,0.76,-0.0325,0
205.49,3.0,0.24,-0.0513,0
207.53,0.0,1.16,0.0208,0
55.25,1.0,0.48,0.9539,1
0.0,1.0,1.12,-0.0257,0
205.49,1.0,0.62,-0.0026,0
404.92,0.0,0.12,-0.0202,0
0.0,0.0,1.66,-0.0529,0
55.25,1.0,1.44,-0.0163,0
308.98,0.0,2.34,0.9493,0
1293.48,0.0,1.14,0.0261,0
216.47,0.0,1.34,0.0191,0
216.47,0.0,0.16,0.1175,0
216.47,0.0,0.2,0.0131,0
388.54,2.0,1.8,0.1,0
388.54,0.0,0.74,-0.0082,0
594.92,0.0,0.92,0.1515,0
216.47,0.0,0.48,0.0163,0
427.06,2.0,1.44,-0.0271,0
1750.52,0.0,0.4,-0.016,0
403.27,1.0,1.32,-0.1275,0
1750.52,0.0,0.24,-0.1064,0
594.92,1.0,2.4,-0.0124,0
0.0,0.0,0.4,-0.0497,0
0.0,0.0,1.6,-0.0239,0
427.06,0.0,1.08,0.0505,0
216.47,0.0,0.32,-0.0488,0
0.0,0.0,1.44,0.0227,0
403.27,1.0,0.46,0.149,0
308.98,0.0,1.96,-0.025,0
1750.52,1.0,2.22,-0.1249,0
388.54,2.0,0.32,0.0424,0
308.98,0.0,0.3,0.0507,0
55.25,2.0,0.44,0.8955,1
308.98,0.0,0.34,-0.0069,0
403.27,0.0,1.86,-0.0424,0
308.98,0.0,0.22,-0.0022,0
216.47,0.0,0.14,0.046,0
205.49,1.0,1.16,-0.0147,0
0.0,0.0,1.46,0.0454,0
205.49,3.0,1.32,-0.1199,0
308.98,0.0,0.5,0.9561,0
403.27,0.0,1.14,-0.0091,0
404.92,0.0,0.74,0.0101,0
404.92,0.0,1.58,-0.0099,0
388.54,0.0,2.08,0.0266,0
0.0,0.0,0.5,-0.0069,0
308.98,0.0,1.66,0.1183,0
216.47,0.0,2.2,0.1203,0
308.98,0.0,0.86,0.0246,0
594.92,0.0,0.82,0.0739,0
0.0,2.0,0.34,-0.1088,0
55.25,1.0,0.22,0.9568,1
207.53,3.0,0.64,0.0226,0
1750.52,3.0,0.98,-0.019,0
1750.52,3.0,1.38,-0.0071,0
1293.48,1.0,0.44,-0.0905,0
427.06,0.0,0.96,-0.0006,0
403.27,3.0,2.0,-0.1205,0
0.0,0.0,1.36,-0.0027,0
427.06,1.0,1.16,0.9423,0
55.25,0.0,0.92,-0.0954,0
403.27,0.0,1.56,-0.0452,0
308.98,2.0,1.88,0.9504,0
400.83,3.0,1.3,0.0385,0
1293.48,1.0,0.64,-0.0101,0
400.83,3.0,0.54,-0.1084,0
427.06,0.0,0.98,0.0788,0
308.98,0.0,1.48,-0.0268,0
205.49,0.0,0.26,0.0178,0
308.98,1.0,2.28,0.0498,0
308.98,1.0,1.1,-0.1122,0
207.53,1.0,1.82,-0.0097,0
403.27,3.0,2.3,0.0368,0
0.0,0.0,1.62,0.074,0
388.54,1.0,0.76,0.1485,0
988.8,0.0,0.78,-0.0302,0
216.47,3.0,0.42,0.8869,0
0.0,0.0,1.74,0.0213,0
1750.52,0.0,0.22,-0.111,0
308.98,0.0,0.28,0.9487,0
205.49,1.0,1.16,0.0537,0
55.25,0.0,1.5,-0.1094,0
403.27,0.0,1.56,0.8965,0
404.92,1.0,0.78,0.9392,0
0.0,0.0,0.94,0.0526,0
308.98,0.0,0.66,0.053,0
388.54,1.0,2.32,0.0827,0
427.06,0.0,0.78,-0.0173,0
207.53,2.0,2.1,-0.0513,0
404.92,0.0,1.34,0.9479,0
308.98,2.0,1.38,-0.0083,0
205.49,4.0,0.86,-0.0069,0
55.25,0.0,0.8,0.0152,0
1750.52,0.0,2.34,-0.0048,0
1293.48,0.0,0.64,0.9397,0
388.54,0.0,0.38,0.0983,0
308.98,0.0,1.38,-0.0075,0
216.47,0.0,1.92,-0.0107,0
207.53,2.0,2.56,0.0528,0
427.06,2.0,2.22,-0.0543,0
427.06,2.0,0.62,0.9526,0
0.0,2.0,2.1,-0.1151,0
765.12,0.0,0.76,0.9411,0
216.47,1.0,2.24,-0.1098,0
0.0,1.0,2.24,-0.0424,0
216.47,0.0,0.54,-0.1073,0
1750.52,2.0,0.32,-0.0129,0
216.47,0.0,0.52,0.0453,0
404.92,1.0,0.54,0.1152,0
0.0,2.0,0.8,0.8991,1
765.12,1.0,2.3,-0.023,0
988.8,0.0,2.0,-0.0007,0
765.12,3.0,0.24,0.0397,0
388.54,0.0,1.22,0.0254,0
0.0,1.0,1.5,0.0526,0
427.06,0.0,0.16,0.0483,0
594.92,3.0,0.42,-0.0051,0
308.98,0.0,1.34,-0.0547,0
0.0,1.0,2.64,0.0372,0
216.47,0.0,0.74,0.9341,0
207.53,0.0,1.12,0.9414,0
